movieId,title,genres,vote_count,year_released,average_rating,score
1,Toy Story,Adventure|Animation|Children|Comedy|Fantasy,215.0,1995,3.9209302325581397,3.8474206839160057
2,Jumanji,Adventure|Children|Fantasy,110.0,1995,3.4318181818181817,3.3983635438516298
3,Grumpier Old Men,Comedy|Romance,52.0,1995,3.2596153846153846,3.2604532342743457
5,Father of the Bride Part II,Comedy,49.0,1995,3.0714285714285716,3.1391553356272803
6,Heat,Action|Crime|Thriller,102.0,1995,3.946078431372549,3.802913220989716
7,Sabrina,Comedy|Romance,54.0,1995,3.185185185185185,3.210812413674979
10,GoldenEye,Action|Adventure|Thriller,132.0,1995,3.496212121212121,3.456451606966499
11,"American President, The",Comedy|Drama|Romance,70.0,1995,3.6714285714285713,3.5574825310069413
16,Casino,Crime|Drama,82.0,1995,3.926829268292683,3.762163353281407
17,Sense and Sensibility,Drama|Romance,67.0,1995,3.7761194029850746,3.628466016039078
19,Ace Ventura: When Nature Calls,Comedy,88.0,1995,2.727272727272727,2.8528330913710724
21,Get Shorty,Comedy|Crime|Thriller,89.0,1995,3.49438202247191,3.4403086681695974
22,Copycat,Crime|Drama|Horror|Mystery|Thriller,36.0,1995,3.2222222222222223,3.239298500121799
24,Powder,Drama|Sci-Fi,28.0,1995,3.125,3.1922873728667875
25,Leaving Las Vegas,Drama|Romance,76.0,1995,3.625,3.5298621893948865
29,"City of Lost Children, The (Cité des enfants perdus, La)",Adventure|Drama|Fantasy|Mystery|Sci-Fi,38.0,1995,4.0131578947368425,3.7011662385795905
31,Dangerous Minds,Drama,38.0,1995,3.1842105263157894,3.216550853964205
32,Twelve Monkeys (a.k.a. 12 Monkeys),Mystery|Sci-Fi|Thriller,177.0,1995,3.983050847457627,3.887626497586634
34,Babe,Children|Drama,128.0,1995,3.65234375,3.5843600355333765
36,Dead Man Walking,Crime|Drama,67.0,1995,3.8358208955223883,3.67101920752844
39,Clueless,Comedy|Romance,104.0,1995,3.293269230769231,3.286838209982239
44,Mortal Kombat,Action|Adventure|Fantasy,46.0,1995,2.5434782608695654,2.8092576096941553
45,To Die For,Comedy|Drama|Thriller,32.0,1995,3.3125,3.289420432333446
47,Seven (a.k.a. Se7en),Mystery|Thriller,203.0,1995,3.9753694581280787,3.891633936989884
48,Pocahontas,Animation|Children|Drama|Musical|Romance,68.0,1995,3.1470588235294117,3.179745321133403
50,"Usual Suspects, The",Crime|Mystery|Thriller,204.0,1995,4.237745098039215,4.123704785747503
52,Mighty Aphrodite,Comedy|Drama|Romance,28.0,1995,3.4642857142857144,3.3650146455940604
58,"Postman, The (Postino, Il)",Comedy|Drama|Romance,37.0,1994,4.027027027027027,3.7043094610573957
60,"Indian in the Cupboard, The",Adventure|Children|Fantasy,34.0,1995,3.235294117647059,3.247144352584808
62,Mr. Holland's Opus,Drama,80.0,1995,3.70625,3.594166406613769
65,Bio-Dome,Comedy,31.0,1996,2.532258064516129,2.871996646684023
70,From Dusk Till Dawn,Action|Comedy|Horror|Thriller,55.0,1996,3.5090909090909093,3.4277537257033335
95,Broken Arrow,Action|Adventure|Thriller,84.0,1996,3.0238095238095237,3.0817640135826427
104,Happy Gilmore,Comedy,99.0,1996,3.4393939393939394,3.4013952818069315
110,Braveheart,Action|Drama|War,237.0,1995,4.031645569620253,3.9529386572260354
111,Taxi Driver,Crime|Drama|Thriller,104.0,1976,4.105769230769231,3.9318763779211707
112,Rumble in the Bronx (Hont faan kui),Action|Adventure|Comedy|Crime,46.0,1995,3.5434782608695654,3.439394595995525
135,Down Periscope,Comedy,31.0,1996,2.9516129032258065,3.096134577718505
141,"Birdcage, The",Comedy,86.0,1996,3.494186046511628,3.4387239425457814
145,Bad Boys,Action|Comedy|Crime|Drama|Thriller,51.0,1995,3.2450980392156863,3.2509718654829913
150,Apollo 13,Adventure|Drama|IMAX,201.0,1995,3.845771144278607,3.776648269770497
151,Rob Roy,Action|Drama|Romance|War,44.0,1995,3.5454545454545454,3.4376874015165253
153,Batman Forever,Action|Adventure|Comedy|Crime,137.0,1995,2.9160583941605838,2.973023204315081
158,Casper,Adventure|Children,62.0,1995,2.806451612903226,2.9446719719963297
160,Congo,Action|Adventure|Mystery|Sci-Fi,57.0,1995,2.8771929824561404,3.0009024465199206
161,Crimson Tide,Drama|Thriller|War,103.0,1995,3.6359223300970873,3.5582754269821026
163,Desperado,Action|Romance|Western,66.0,1995,3.5606060606060606,3.4739333925556273
165,Die Hard: With a Vengeance,Action|Crime|Thriller,144.0,1995,3.5555555555555554,3.5092152368869782
168,First Knight,Action|Drama|Romance,54.0,1995,3.0833333333333335,3.142911179107078
170,Hackers,Action|Adventure|Crime|Thriller,35.0,1995,3.2285714285714286,3.2431581533495697
172,Johnny Mnemonic,Action|Sci-Fi|Thriller,53.0,1995,2.6792452830188678,2.875947568845916
173,Judge Dredd,Action|Crime|Sci-Fi,62.0,1995,2.6693548387096775,2.8491663540188017
180,Mallrats,Comedy|Romance,36.0,1995,3.4027777777777777,3.3424731032964017
185,"Net, The",Action|Crime|Thriller,112.0,1995,3.0401785714285716,3.083279176314197
186,Nine Months,Comedy|Romance,48.0,1995,2.8229166666666665,2.981010740102311
193,Showgirls,Drama,35.0,1995,2.4714285714285715,2.81573879851086
196,Species,Horror|Sci-Fi,45.0,1995,2.6666666666666665,2.8899417431621295
198,Strange Days,Action|Crime|Drama|Mystery|Sci-Fi|Thriller,28.0,1995,3.25,3.255923736503151
204,Under Siege 2: Dark Territory,Action,30.0,1995,2.716666666666667,2.975014131713567
208,Waterworld,Action|Adventure|Sci-Fi,115.0,1995,2.9130434782608696,2.979407081039953
216,Billy Madison,Comedy,49.0,1995,3.326530612244898,3.303629019837807
223,Clerks,Comedy,104.0,1994,3.855769230769231,3.7334030954784225
224,Don Juan DeMarco,Comedy|Drama|Romance,40.0,1995,3.6125,3.4712806792190047
225,Disclosure,Drama|Thriller,52.0,1994,3.5384615384615383,3.4439975380718137
231,Dumb & Dumber (Dumb and Dumber),Adventure|Comedy,133.0,1994,3.0601503759398496,3.0942237844229585
235,Ed Wood,Comedy|Drama,70.0,1994,3.6785714285714284,3.562637170182199
236,French Kiss,Action|Comedy|Romance,45.0,1995,3.477777777777778,3.396886187606574
246,Hoop Dreams,Documentary,29.0,1994,4.293103448275862,3.795996526922738
252,I.Q.,Comedy|Romance,43.0,1994,3.453488372093023,3.379654364395333
253,Interview with the Vampire: The Vampire Chronicles,Drama|Horror,109.0,1994,3.458715596330275,3.419675040497598
256,Junior,Comedy|Sci-Fi,35.0,1994,2.8285714285714287,3.0173517017366667
260,Star Wars: Episode IV - A New Hope,Action|Adventure|Sci-Fi,251.0,1977,4.231075697211155,4.136963329164293
261,Little Women,Drama,42.0,1994,3.880952380952381,3.6387797899662804
265,Like Water for Chocolate (Como agua para chocolate),Drama|Fantasy|Romance,33.0,1992,3.9393939393939394,3.6345967584612224
266,Legends of the Fall,Drama|Romance|War|Western,68.0,1994,3.3970588235294117,3.3586926895544558
272,"Madness of King George, The",Comedy|Drama,31.0,1994,3.7580645161290325,3.527169060477126
273,Mary Shelley's Frankenstein (Frankenstein),Drama|Horror|Sci-Fi,28.0,1994,2.9464285714285716,3.1013782819576967
277,Miracle on 34th Street,Drama,38.0,1994,3.223684210526316,3.2396277770411284
282,Nell,Drama,40.0,1994,3.3375,3.3071015747413925
288,Natural Born Killers,Action|Crime|Thriller,92.0,1994,3.233695652173913,3.2401328193922128
292,Outbreak,Action|Drama|Sci-Fi|Thriller,101.0,1995,3.4257425742574257,3.3912172305286976
293,Léon: The Professional (a.k.a. The Professional) (Léon),Action|Crime|Drama|Thriller,133.0,1994,4.018796992481203,3.8910987844229585
296,Pulp Fiction,Comedy|Crime|Drama|Thriller,307.0,1994,4.197068403908795,4.121484447627765
300,Quiz Show,Drama,81.0,1994,3.5185185185185186,3.454405606552531
303,"Quick and the Dead, The",Action|Thriller|Western,32.0,1995,2.953125,3.094505178096158
315,"Specialist, The",Action|Drama|Thriller,38.0,1994,3.0789473684210527,3.1550123924257436
316,Stargate,Action|Adventure|Sci-Fi,140.0,1994,3.375,3.356741350345349
317,"Santa Clause, The",Comedy|Drama|Fantasy,81.0,1994,3.2037037037037037,3.2182944954414197
318,"Shawshank Redemption, The",Crime|Drama,317.0,1994,4.429022082018927,4.337429667173469
327,Tank Girl,Action|Comedy|Sci-Fi,34.0,1995,2.823529411764706,3.0176361558634968
329,Star Trek: Generations,Adventure|Drama|Sci-Fi,108.0,1994,3.3935185185185186,3.3672281889457287
333,Tommy Boy,Comedy,50.0,1995,3.78,3.598387084515238
337,What's Eating Gilbert Grape,Drama,77.0,1993,3.7662337662337664,3.6353442837276284
339,While You Were Sleeping,Comedy|Romance,98.0,1995,3.4693877551020407,3.4246064440613866
342,Muriel's Wedding,Comedy,33.0,1994,3.272727272727273,3.2679300917945557
344,Ace Ventura: Pet Detective,Comedy,161.0,1994,3.040372670807453,3.0722117314237942
345,"Adventures of Priscilla, Queen of the Desert, The",Comedy|Drama,36.0,1994,3.5972222222222223,3.453584214407513
348,Bullets Over Broadway,Comedy,30.0,1994,3.5833333333333335,3.4311544825907596
349,Clear and Present Danger,Action|Crime|Drama|Thriller,110.0,1994,3.6045454545454545,3.5370496752384915
350,"Client, The",Drama|Mystery|Thriller,57.0,1994,3.3859649122807016,3.3461405417580155
353,"Crow, The",Action|Crime|Fantasy|Thriller,64.0,1994,3.609375,3.5063275330513557
355,"Flintstones, The",Children|Comedy|Fantasy,42.0,1994,2.357142857142857,2.7112435580822223
356,Forrest Gump,Comedy|Drama|Romance|War,329.0,1994,4.164133738601824,4.095718554796836
357,Four Weddings and a Funeral,Comedy|Romance,103.0,1994,3.5194174757281553,3.46596773467441
362,"Jungle Book, The",Adventure|Children|Romance,34.0,1994,3.5294117647058822,3.4110787788143164
364,"Lion King, The",Adventure|Animation|Children|Drama|Musical|IMAX,172.0,1994,3.941860465116279,3.849627163355142
367,"Mask, The",Action|Comedy|Crime|Fantasy,157.0,1994,3.1847133757961785,3.19606416036779
368,Maverick,Adventure|Comedy|Western,74.0,1994,3.5,3.43639411393736
370,Naked Gun 33 1/3: The Final Insult,Action|Comedy,58.0,1994,3.060344827586207,3.124421241266745
376,"River Wild, The",Action|Thriller,40.0,1994,3.25,3.2548627687712433
377,Speed,Action|Romance|Thriller,171.0,1994,3.5292397660818713,3.4928070985236026
380,True Lies,Action|Adventure|Comedy|Romance|Thriller,178.0,1994,3.497191011235955,3.4662234415008455
410,Addams Family Values,Children|Comedy|Fantasy,84.0,1993,3.1011904761904763,3.1403225721412014
420,Beverly Hills Cop III,Action|Comedy|Crime|Thriller,59.0,1994,2.7203389830508473,2.8904163431124807
431,Carlito's Way,Crime|Drama,42.0,1993,3.738095238095238,3.55182326822715
432,City Slickers II: The Legend of Curly's Gold,Adventure|Comedy|Western,55.0,1994,2.6454545454545455,2.8484854330204064
434,Cliffhanger,Action|Adventure|Thriller,101.0,1993,3.0346534653465347,3.0826234805286976
435,Coneheads,Comedy|Sci-Fi,63.0,1993,2.4206349206349205,2.6730645056408147
440,Dave,Comedy|Romance,76.0,1993,3.5460526315789473,3.4716097622104205
441,Dazed and Confused,Comedy,42.0,1993,3.9285714285714284,3.667765297212657
442,Demolition Man,Action|Adventure|Sci-Fi,81.0,1993,3.0925925925925926,3.1349611621080866
454,"Firm, The",Drama|Thriller,101.0,1993,3.5346534653465347,3.4771547305286976
455,Free Willy,Adventure|Children|Drama,37.0,1993,2.391891891891892,2.758996961057396
457,"Fugitive, The",Thriller,190.0,1993,3.9921052631578946,3.9012709931229184
466,Hot Shots! Part Deux,Action|Comedy|War,60.0,1993,2.8666666666666667,2.989377074800843
471,"Hudsucker Proxy, The",Comedy,40.0,1994,3.55,3.433967246383184
474,In the Line of Fire,Action|Thriller,70.0,1993,3.692857142857143,3.572946448532715
480,Jurassic Park,Action|Adventure|Sci-Fi|Thriller,238.0,1993,3.75,3.7002860585195223
485,Last Action Hero,Action|Adventure|Comedy|Fantasy,53.0,1993,2.9339622641509435,3.0446975688459164
494,Executive Decision,Action|Adventure|Thriller,41.0,1996,3.3780487804878048,3.331997139818725
497,Much Ado About Nothing,Comedy|Romance,43.0,1993,3.813953488372093,3.6010829358239045
500,Mrs. Doubtfire,Comedy|Drama,144.0,1993,3.388888888888889,3.368864359693996
508,Philadelphia,Drama,66.0,1993,3.6136363636363638,3.5115678011577782
509,"Piano, The",Drama|Romance,61.0,1993,3.540983606557377,3.455406880769015
520,Robin Hood: Men in Tights,Comedy,69.0,1993,3.130434782608696,3.167456307371597
524,Rudy,Drama,34.0,1993,3.485294117647059,3.38648861487989
527,Schindler's List,Drama|War,220.0,1993,4.225,4.119740103269932
529,Searching for Bobby Fischer,Drama,40.0,1993,3.875,3.6279970971294526
539,Sleepless in Seattle,Comedy|Drama|Romance,106.0,1993,3.4716981132075473,3.429141394794536
541,Blade Runner,Action|Sci-Fi|Thriller,124.0,1982,4.100806451612903,3.950833149057439
543,So I Married an Axe Murderer,Comedy|Romance|Thriller,41.0,1993,3.317073170731707,3.295232433936372
551,"Nightmare Before Christmas, The",Animation|Children|Fantasy|Musical,93.0,1993,3.553763440860215,3.488131712563945
552,"Three Musketeers, The",Action|Adventure|Comedy|Romance,61.0,1993,3.262295081967213,3.2622250625871967
553,Tombstone,Action|Drama|Western,65.0,1993,3.8153846153846156,3.6529978859529715
555,True Romance,Crime|Thriller,65.0,1993,3.8,3.64212832073558
585,"Brady Bunch Movie, The",Comedy,36.0,1995,2.736111111111111,2.961520722344021
586,Home Alone,Children|Comedy,116.0,1990,2.9956896551724137,3.045984653899813
587,Ghost,Comedy|Drama|Fantasy|Romance|Thriller,115.0,1990,3.4347826086956523,3.4019422923075586
588,Aladdin,Adventure|Animation|Children|Comedy|Musical,183.0,1992,3.7923497267759565,3.724170502417492
589,Terminator 2: Judgment Day,Action|Sci-Fi,224.0,1991,3.970982142857143,3.894724324731766
590,Dances with Wolves,Adventure|Drama|Western,164.0,1990,3.8353658536585367,3.7543235890454105
592,Batman,Action|Crime|Thriller,189.0,1989,3.4285714285714284,3.407758358831821
593,"Silence of the Lambs, The",Crime|Horror|Thriller,279.0,1991,4.161290322580645,4.081947076822462
594,Snow White and the Seven Dwarfs,Animation|Children|Drama|Fantasy|Musical,77.0,1937,3.616883116883117,3.524767360650705
595,Beauty and the Beast,Animation|Children|Fantasy|Musical|Romance|IMAX,146.0,1991,3.7705479452054793,3.6911896272119846
596,Pinocchio,Animation|Children|Fantasy|Musical,60.0,1940,3.45,3.3916759253755555
597,Pretty Woman,Comedy|Romance,135.0,1990,3.4851851851851854,3.4479987994300823
608,Fargo,Comedy|Crime|Drama|Thriller,181.0,1996,4.116022099447513,4.005172141863814
610,Heavy Metal,Action|Adventure|Animation|Horror|Sci-Fi,33.0,1981,3.5454545454545454,3.4179300917945556
616,"Aristocats, The",Animation|Children,45.0,1970,3.411111111111111,3.355219520939907
628,Primal Fear,Crime|Drama|Mystery|Thriller,35.0,1996,3.642857142857143,3.4770291210915056
637,Sgt. Bilko,Comedy,33.0,1996,3.0454545454545454,3.1429300917945557
647,Courage Under Fire,Action|Crime|Drama|War,29.0,1996,3.3275862068965516,3.295996526922738
648,Mission: Impossible,Action|Adventure|Mystery|Thriller,162.0,1996,3.537037037037037,3.497755584696684
653,Dragonheart,Action|Adventure|Fantasy,65.0,1996,3.0923076923076924,3.14212832073558
661,James and the Giant Peach,Adventure|Animation|Children|Fantasy|Musical,49.0,1996,3.4489795918367347,3.3825763882588595
671,Mystery Science Theater 3000: The Movie,Comedy|Sci-Fi,36.0,1996,3.486111111111111,3.3900921509154496
673,Space Jam,Adventure|Animation|Children|Comedy|Fantasy|Sci-Fi,53.0,1996,2.707547169811321,2.8946975688459164
708,"Truth About Cats & Dogs, The",Comedy|Romance,58.0,1996,3.3879310344827585,3.3479506530314502
719,Multiplicity,Comedy,35.0,1996,2.842857142857143,3.0254162178656987
720,Wallace & Gromit: The Best of Aardman Animation,Adventure|Animation|Comedy,27.0,1996,4.092592592592593,3.67732973162358
724,"Craft, The",Drama|Fantasy|Horror|Thriller,31.0,1996,3.032258064516129,3.1392380259943673
733,"Rock, The",Action|Adventure|Thriller,121.0,1996,3.6404958677685952,3.571458145322117
736,Twister,Action|Adventure|Romance|Thriller,123.0,1996,3.321138211382114,3.310505370051155
741,Ghost in the Shell (Kôkaku kidôtai),Animation|Sci-Fi,27.0,1995,4.148148148148148,3.7051075094013575
743,Spy Hard,Comedy,29.0,1996,2.5172413793103448,2.876353669779881
745,Wallace & Gromit: A Close Shave,Animation|Children|Comedy,48.0,1995,3.8958333333333335,3.667677406768978
750,Dr. Strangelove or: How I Learned to Stop Worrying and Love the Bomb,Comedy|War,97.0,1964,4.268041237113402,4.048998431513494
762,Striptease,Comedy|Crime,41.0,1996,2.4146341463414633,2.7511147868775487
778,Trainspotting,Comedy|Crime|Drama,102.0,1996,4.03921568627451,3.876556631842429
780,Independence Day (a.k.a. ID4),Action|Adventure|Sci-Fi|Thriller,202.0,1996,3.4455445544554455,3.423911814443988
783,"Hunchback of Notre Dame, The",Animation|Children|Drama|Musical|Romance,47.0,1996,3.3297872340425534,3.3050784528063963
784,"Cable Guy, The",Comedy|Thriller,54.0,1996,2.8055555555555554,2.9577259939218927
785,Kingpin,Comedy,42.0,1996,3.369047619047619,3.3271855870677296
786,Eraser,Action|Drama|Thriller,64.0,1996,3.109375,3.1546791814030035
788,"Nutty Professor, The",Comedy|Fantasy|Romance|Sci-Fi,82.0,1996,2.731707317073171,2.863080784474067
802,Phenomenon,Drama|Romance,46.0,1996,3.3369565217391304,3.309257609694155
805,"Time to Kill, A",Drama|Thriller,35.0,1996,3.657142857142857,3.4850936372205377
832,Ransom,Crime|Thriller,37.0,1996,3.3378378378378377,3.3058719610573957
837,Matilda,Children|Comedy|Fantasy,33.0,1996,3.272727272727273,3.2679300917945557
838,Emma,Comedy|Drama|Romance,30.0,1996,3.9166666666666665,3.6065930790819882
849,Escape from L.A.,Action|Adventure|Sci-Fi|Thriller,44.0,1996,2.9204545454545454,3.0503634578545533
852,Tin Cup,Comedy|Drama|Romance,43.0,1996,3.1744186046511627,3.2082257929667617
858,"Godfather, The",Crime|Drama,192.0,1972,4.2890625,4.162446600491659
880,"Island of Dr. Moreau, The",Sci-Fi|Thriller,27.0,1996,2.740740740740741,3.001403805697654
898,"Philadelphia Story, The",Comedy|Drama|Romance,29.0,1940,4.310344827586207,3.80492509835131
899,Singin' in the Rain,Comedy|Musical|Romance,47.0,1952,4.074468085106383,3.778051425779369
902,Breakfast at Tiffany's,Drama|Romance,36.0,1961,3.8472222222222223,3.5964413572646556
903,Vertigo,Drama|Mystery|Romance|Thriller,60.0,1958,4.025,3.788227649513487
904,Rear Window,Mystery|Thriller,84.0,1954,4.261904761904762,4.01870095051958
908,North by Northwest,Action|Adventure|Mystery|Romance|Thriller,57.0,1959,4.184210526315789,3.8878072084246824
909,"Apartment, The",Comedy|Drama|Romance,27.0,1960,3.962962962962963,3.612514916808765
910,Some Like It Hot,Comedy|Crime,50.0,1959,4.01,3.747737733865887
912,Casablanca,Drama|Romance,100.0,1942,4.24,4.032092956753334
913,"Maltese Falcon, The",Film-Noir|Mystery,44.0,1941,4.170454545454546,3.8250113451784973
914,My Fair Lady,Comedy|Drama|Musical|Romance,35.0,1964,4.042857142857143,3.7028355727044087
915,Sabrina,Comedy|Romance,30.0,1954,3.7666666666666666,3.527645710660935
919,"Wizard of Oz, The",Adventure|Children|Fantasy|Musical,92.0,1939,3.880434782608696,3.7401328193922128
920,Gone with the Wind,Drama|Romance|War,45.0,1939,3.6444444444444444,3.50105285427324
922,Sunset Blvd. (a.k.a. Sunset Boulevard),Drama|Film-Noir|Romance,27.0,1950,4.333333333333333,3.79770010199395
923,Citizen Kane,Drama|Mystery,69.0,1941,4.043478260869565,3.823706307371597
924,2001: A Space Odyssey,Adventure|Drama|Sci-Fi,109.0,1968,3.8944954128440368,3.768939746379951
953,It's a Wonderful Life,Children|Drama|Fantasy|Romance,58.0,1946,4.0344827586206895,3.7891271236196857
968,Night of the Living Dead,Horror|Sci-Fi|Thriller,28.0,1968,3.75,3.510469191048606
969,"African Queen, The",Adventure|Comedy|Romance|War,34.0,1951,3.9705882352941178,3.6569804181585788
1020,Cool Runnings,Comedy,37.0,1993,3.081081081081081,3.1574344610573957
1021,Angels in the Outfield,Children|Comedy,27.0,1994,2.3333333333333335,2.7977001019939505
1022,Cinderella,Animation|Children|Fantasy|Musical|Romance,42.0,1950,3.488095238095238,3.3996493551836715
1027,Robin Hood: Prince of Thieves,Adventure|Drama,28.0,1991,3.017857142857143,3.137741918321333
1028,Mary Poppins,Children|Comedy|Fantasy|Musical,71.0,1964,3.887323943661972,3.7150592398742175
1029,Dumbo,Animation|Children|Drama|Musical,35.0,1941,3.3857142857142857,3.3318678307689247
1032,Alice in Wonderland,Adventure|Animation|Children|Fantasy|Musical,40.0,1951,3.375,3.3294896344428855
1035,"Sound of Music, The",Musical|Romance,64.0,1965,3.9375,3.7370967638205865
1036,Die Hard,Action|Crime|Thriller,145.0,1988,3.8620689655172415,3.767882590160892
1042,That Thing You Do!,Comedy|Drama,42.0,1996,3.2738095238095237,3.2692145725749757
1047,"Long Kiss Goodnight, The",Action|Drama|Thriller,33.0,1996,3.3181818181818183,3.2929300917945556
1059,William Shakespeare's Romeo + Juliet,Drama|Romance,36.0,1996,3.7222222222222223,3.5250127858360845
1060,Swingers,Comedy|Drama,36.0,1996,3.6944444444444446,3.5091397699630686
1061,Sleepers,Thriller,29.0,1996,3.6724137931034484,3.474567955494167
1073,Willy Wonka & the Chocolate Factory,Children|Comedy|Fantasy|Musical,119.0,1971,3.8739495798319328,3.760793188408721
1077,Sleeper,Comedy|Sci-Fi,28.0,1973,3.75,3.510469191048606
1079,"Fish Called Wanda, A",Comedy|Crime,71.0,1988,3.9225352112676055,3.74056944395585
1080,Monty Python's Life of Brian,Comedy,89.0,1979,3.9269662921348316,3.7722052198937357
1084,Bonnie and Clyde,Crime|Drama,35.0,1967,4.071428571428571,3.7189646049624727
1088,Dirty Dancing,Drama|Musical|Romance,42.0,1987,3.369047619047619,3.3271855870677296
1089,Reservoir Dogs,Crime|Mystery|Thriller,131.0,1992,4.202290076335878,4.041619022200464
1090,Platoon,Drama|War,63.0,1986,3.984126984126984,3.7675089500852588
1092,Basic Instinct,Crime|Mystery|Thriller,47.0,1992,3.1914893617021276,3.217240614968558
1093,"Doors, The",Drama,37.0,1991,3.4054054054054053,3.3449344610573957
1094,"Crying Game, The",Drama|Romance|Thriller,42.0,1992,3.4404761904761907,3.370663847937295
1097,E.T. the Extra-Terrestrial,Children|Drama|Sci-Fi,122.0,1982,3.7663934426229506,3.675005406091767
1101,Top Gun,Action|Romance,83.0,1986,3.3012048192771086,3.2915982318879395
1120,"People vs. Larry Flynt, The",Comedy|Drama,27.0,1996,3.537037037037037,3.399551953845802
1127,"Abyss, The",Action|Adventure|Sci-Fi|Thriller,62.0,1989,3.475806451612903,3.41096410682779
1129,Escape from New York,Action|Adventure|Sci-Fi|Thriller,39.0,1981,3.448717948717949,3.3723606895102023
1136,Monty Python and the Holy Grail,Adventure|Comedy|Fantasy,136.0,1975,4.161764705882353,4.01273500311456
1148,Wallace & Gromit: The Wrong Trousers,Animation|Children|Comedy|Crime,56.0,1993,4.035714285714286,3.78404584949004
1172,Cinema Paradiso (Nuovo cinema Paradiso),Drama,34.0,1989,4.161764705882353,3.7635377952077596
1179,"Grifters, The",Crime|Drama|Film-Noir,27.0,1990,3.6296296296296298,3.445848250142099
1183,"English Patient, The",Drama|Romance|War,45.0,1996,3.7111111111111112,3.542719520939907
1193,One Flew Over the Cuckoo's Nest,Drama,133.0,1975,4.203007518796992,4.044223784422958
1196,Star Wars: Episode V - The Empire Strikes Back,Action|Adventure|Sci-Fi,211.0,1980,4.2156398104265405,4.107461367679299
1197,"Princess Bride, The",Action|Adventure|Comedy|Fantasy|Romance,142.0,1987,4.232394366197183,4.077371630222919
1198,Raiders of the Lost Ark (Indiana Jones and the Raiders of the Lost Ark),Action|Adventure,200.0,1981,4.2075,4.095047601355389
1199,Brazil,Fantasy|Sci-Fi,59.0,1985,4.177966101694915,3.8904163431124803
1200,Aliens,Action|Adventure|Horror|Sci-Fi,126.0,1986,3.9642857142857144,3.840364741880218
1201,"Good, the Bad and the Ugly, The (Buono, il brutto, il cattivo, Il)",Action|Adventure|Western,72.0,1966,4.145833333333333,3.9048061162391243
1203,12 Angry Men,Drama,57.0,1957,4.149122807017544,3.8639976846151587
1204,Lawrence of Arabia,Adventure|Drama|War,45.0,1962,4.3,3.9107750764954625
1206,"Clockwork Orange, A",Crime|Drama|Sci-Fi|Thriller,120.0,1971,3.995833333333333,3.8610599014127436
1207,To Kill a Mockingbird,Drama,58.0,1962,4.120689655172414,3.847950653031451
1208,Apocalypse Now,Action|Drama|War,107.0,1979,4.219626168224299,4.026685115728905
1210,Star Wars: Episode VI - Return of the Jedi,Action|Adventure|Sci-Fi,196.0,1983,4.137755102040816,4.031730069541136
1213,Goodfellas,Crime|Drama,126.0,1990,4.25,4.075658859527277
1214,Alien,Horror|Sci-Fi,146.0,1979,3.969178082191781,3.858819685015453
1215,Army of Darkness,Action|Adventure|Comedy|Fantasy|Horror,51.0,1993,4.03921568627451,3.7702026347137605
1219,Psycho,Crime|Horror,83.0,1960,4.036144578313253,3.8461436864333933
1220,"Blues Brothers, The",Action|Comedy|Musical,84.0,1980,3.8095238095238093,3.676358608177237
1221,"Godfather: Part II, The",Crime|Drama,129.0,1974,4.25968992248062,4.087024394279957
1222,Full Metal Jacket,Drama|War,102.0,1987,4.098039215686274,3.9230682597494053
1223,"Grand Day Out with Wallace and Gromit, A",Adventure|Animation|Children|Comedy|Sci-Fi,28.0,1989,4.089285714285714,3.6831964637758783
1225,Amadeus,Drama,76.0,1984,4.184210526315789,3.9424835486181875
1228,Raging Bull,Drama,40.0,1980,4.1875,3.814564261308557
1230,Annie Hall,Comedy|Romance,58.0,1977,3.8706896551724137,3.677362417737333
1233,"Boot, Das (Boat, The)",Action|Drama|War,40.0,1981,4.2125,3.8294896344428855
1234,"Sting, The",Comedy|Crime,64.0,1973,3.9765625,3.764569291293114
1240,"Terminator, The",Action|Sci-Fi|Thriller,131.0,1984,3.8969465648854964,3.7884544652384387
1242,Glory,Drama|War,41.0,1989,4.170731707317073,3.8099383162893137
1244,Manhattan,Comedy|Drama|Romance,33.0,1979,4.106060606060606,3.726263425127889
1246,Dead Poets Society,Drama,86.0,1989,3.9593023255813953,3.7927062434307373
1247,"Graduate, The",Comedy|Drama|Romance,79.0,1967,4.063291139240507,3.8592057123365406
1249,"Femme Nikita, La (Nikita)",Action|Crime|Romance|Thriller,35.0,1990,4.071428571428571,3.7189646049624727
1250,"Bridge on the River Kwai, The",Adventure|Drama|War,45.0,1957,4.122222222222222,3.799663965384351
1252,Chinatown,Crime|Film-Noir|Mystery|Thriller,59.0,1974,4.211864406779661,3.9136721570659687
1257,Better Off Dead...,Comedy|Romance,27.0,1985,3.685185185185185,3.4736260279198765
1258,"Shining, The",Horror,109.0,1980,4.08256880733945,3.9196750404975984
1259,Stand by Me,Adventure|Drama,91.0,1986,4.0054945054945055,3.835388182268418
1261,Evil Dead II (Dead by Dawn),Action|Comedy|Fantasy|Horror,34.0,1987,4.044117647058823,3.6979640247159553
1262,"Great Escape, The",Action|Adventure|Drama|War,43.0,1963,4.127906976744186,3.7939400786810475
1263,"Deer Hunter, The",Drama|War,43.0,1978,3.8255813953488373,3.6082257929667616
1265,Groundhog Day,Comedy|Fantasy|Romance,143.0,1993,3.944055944055944,3.8357400323980784
1266,Unforgiven,Drama|Western,45.0,1992,4.111111111111111,3.792719520939907
1267,"Manchurian Candidate, The",Crime|Thriller|War,30.0,1962,4.25,3.782031675573216
1269,Arsenic and Old Lace,Comedy|Mystery|Thriller,29.0,1944,3.8793103448275863,3.5817108126370236
1270,Back to the Future,Adventure|Comedy|Sci-Fi,171.0,1985,4.038011695906433,3.932201037917542
1271,Fried Green Tomatoes,Comedy|Crime|Drama,30.0,1991,3.5,3.387294833467953
1272,Patton,Drama|War,33.0,1970,4.121212121212121,3.734596758461222
1274,Akira,Action|Adventure|Animation|Sci-Fi,39.0,1988,3.7435897435897436,3.546603113752626
1275,Highlander,Action|Adventure|Fantasy,48.0,1986,3.7291666666666665,3.561010740102311
1276,Cool Hand Luke,Drama,57.0,1967,4.271929824561403,3.9473310179484917
1278,Young Frankenstein,Comedy|Fantasy,69.0,1974,3.9927536231884058,3.7872479740382636
1282,Fantasia,Animation|Children|Fantasy|Musical,53.0,1940,3.7830188679245285,3.6071975688459164
1285,Heathers,Comedy,41.0,1989,3.731707317073171,3.5452324339363726
1287,Ben-Hur,Action|Adventure|Drama,34.0,1959,3.9411764705882355,3.640586975535628
1288,This Is Spinal Tap,Comedy,66.0,1984,4.015151515151516,3.796514037716918
1291,Indiana Jones and the Last Crusade,Action|Adventure,140.0,1989,4.046428571428572,3.919615601842355
1293,Gandhi,Drama,27.0,1982,3.8333333333333335,3.5477001019939505
1299,"Killing Fields, The",Drama|War,28.0,1984,4.017857142857143,3.646832827412242
1302,Field of Dreams,Children|Drama|Fantasy,56.0,1989,3.517857142857143,3.4346482591285943
1304,Butch Cassidy and the Sundance Kid,Action|Western,62.0,1969,3.943548387096774,3.7368068034570037
1307,When Harry Met Sally...,Comedy|Romance,85.0,1989,3.8588235294117648,3.7149625491756546
1320,Alien³ (a.k.a. Alien 3),Action|Horror|Sci-Fi|Thriller,47.0,1992,3.148936170212766,3.1902135879415314
1333,"Birds, The",Horror|Thriller,44.0,1963,3.602272727272727,3.4728986691221593
1339,Dracula (Bram Stoker's Dracula),Fantasy|Horror|Romance|Thriller,29.0,1992,3.4655172413793105,3.3674250983513097
1345,Carrie,Drama|Fantasy|Horror|Thriller,36.0,1976,3.3472222222222223,3.31072707155037
1347,"Nightmare on Elm Street, A",Horror|Thriller,27.0,1984,3.0,3.131033435327284
1356,Star Trek: First Contact,Action|Adventure|Sci-Fi|Thriller,91.0,1996,3.879120879120879,3.7379305551497737
1358,Sling Blade,Drama,47.0,1996,3.8404255319148937,3.6294027771307205
1367,101 Dalmatians,Adventure|Children|Comedy,47.0,1996,3.074468085106383,3.1429162906442336
1370,Die Hard 2,Action|Adventure|Thriller,68.0,1990,3.4044117647058822,3.3639558474491924
1371,Star Trek: The Motion Picture,Adventure|Sci-Fi,45.0,1979,3.0444444444444443,3.12605285427324
1372,Star Trek VI: The Undiscovered Country,Action|Mystery|Sci-Fi,42.0,1991,3.3452380952380953,3.312692833444541
1373,Star Trek V: The Final Frontier,Action|Sci-Fi,30.0,1989,2.6666666666666665,2.948698342239883
1374,Star Trek II: The Wrath of Khan,Action|Adventure|Sci-Fi|Thriller,62.0,1982,3.7661290322580645,3.613211297839026
1375,Star Trek III: The Search for Spock,Action|Adventure|Sci-Fi,42.0,1984,3.261904761904762,3.261968195763382
1376,Star Trek IV: The Voyage Home,Adventure|Comedy|Sci-Fi,43.0,1986,3.4767441860465116,3.393940078681047
1377,Batman Returns,Action|Crime,60.0,1992,3.025,3.0985724770996934
1380,Grease,Comedy|Musical|Romance,68.0,1978,3.139705882352941,3.1744821632386664
1387,Jaws,Action|Horror,91.0,1975,4.0054945054945055,3.835388182268418
1391,Mars Attacks!,Action|Comedy|Sci-Fi,86.0,1996,3.0930232558139537,3.1334142080325074
1393,Jerry Maguire,Drama|Romance,85.0,1996,3.5941176470588236,3.514069692032798
1394,Raising Arizona,Comedy,58.0,1987,3.9913793103448274,3.7597153589138035
1396,Sneakers,Action|Comedy|Crime|Drama|Sci-Fi,46.0,1992,3.4782608695652173,3.398298705584566
1405,Beavis and Butt-Head Do America,Adventure|Animation|Comedy|Crime,31.0,1996,2.935483870967742,3.087513888063333
1407,Scream,Comedy|Horror|Mystery|Thriller,70.0,1996,3.2,3.2172763454399314
1408,"Last of the Mohicans, The",Action|Romance|War|Western,39.0,1992,3.8333333333333335,3.599633416782929
1466,Donnie Brasco,Crime|Drama,52.0,1997,3.7403846153846154,3.5769089304768773
1479,"Saint, The",Action|Romance|Sci-Fi|Thriller,30.0,1997,3.216666666666667,3.238172026450409
1485,Liar Liar,Comedy,74.0,1997,3.0337837837837838,3.0948099555215176
1499,Anaconda,Action|Adventure|Thriller,27.0,1997,1.9259259259259258,2.5939963982902468
1500,Grosse Pointe Blank,Comedy|Crime|Romance,59.0,1997,3.610169491525424,3.5008814593915503
1513,Romy and Michele's High School Reunion,Comedy,29.0,1997,2.9655172413793105,3.108496526922738
1517,Austin Powers: International Man of Mystery,Action|Adventure|Comedy,100.0,1997,3.535,3.476974846517113
1527,"Fifth Element, The",Action|Adventure|Comedy|Sci-Fi,116.0,1997,3.7456896551724137,3.6543762622914215
1544,"Lost World: Jurassic Park, The",Action|Adventure|Sci-Fi|Thriller,67.0,1997,2.753731343283582,2.899742611783759
1552,Con Air,Action|Adventure|Thriller,59.0,1997,3.0338983050847457,3.105532622182248
1562,Batman & Robin,Action|Adventure|Fantasy|Thriller,42.0,1997,2.2142857142857144,2.624287036343092
1566,Hercules,Adventure|Animation|Children|Comedy|Musical,31.0,1997,3.4516129032258065,3.3633759570288504
1569,My Best Friend's Wedding,Comedy|Romance,40.0,1997,3.5,3.404116500114527
1573,Face/Off,Action|Crime|Drama|Thriller,77.0,1997,3.3701298701298703,3.3420750529583976
1580,Men in Black (a.k.a. MIB),Action|Comedy|Sci-Fi,165.0,1997,3.487878787878788,3.456123987019132
1584,Contact,Drama|Sci-Fi,82.0,1997,3.652439024390244,3.555741334932783
1587,Conan the Barbarian,Action|Adventure|Fantasy,31.0,1982,3.2580645161290325,3.2599276811667814
1597,Conspiracy Theory,Drama|Mystery|Romance|Thriller,43.0,1997,2.941860465116279,3.065368650109619
1608,Air Force One,Action|Thriller,58.0,1997,3.3448275862068964,3.318538888325568
1610,"Hunt for Red October, The",Action|Adventure|Thriller,90.0,1990,3.8722222222222222,3.7314171410912254
1617,L.A. Confidential,Crime|Film-Noir|Mystery|Thriller,97.0,1997,4.061855670103093,3.8877081089328493
1625,"Game, The",Drama|Mystery|Thriller,77.0,1997,3.7012987012987013,3.587267360650705
1639,Chasing Amy,Comedy|Drama|Romance,52.0,1997,3.576923076923077,3.469313993768017
1641,"Full Monty, The",Comedy|Drama,56.0,1997,3.7589285714285716,3.597298861538233
1644,I Know What You Did Last Summer,Horror|Mystery|Thriller,32.0,1997,2.109375,2.63687805945209
1645,The Devil's Advocate,Drama|Mystery|Thriller,51.0,1997,3.411764705882353,3.3599462244573504
1653,Gattaca,Drama|Sci-Fi|Thriller,86.0,1997,3.953488372093023,3.788281464669675
1663,Stripes,Comedy|War,34.0,1981,3.7941176470588234,3.558619762420874
1673,Boogie Nights,Drama,39.0,1997,4.076923076923077,3.7435728107223234
1674,Witness,Drama|Romance|Thriller,40.0,1985,3.65,3.493668738920497
1676,Starship Troopers,Action|Sci-Fi,80.0,1997,3.33125,3.313792574838068
1682,"Truman Show, The",Comedy|Drama|Sci-Fi,125.0,1998,3.812,3.7143145099189034
1690,Alien: Resurrection,Action|Horror|Sci-Fi,45.0,1997,2.922222222222222,3.049663965384352
1704,Good Will Hunting,Drama|Romance,141.0,1997,4.078014184397163,3.9468797946885315
1717,Scream 2,Comedy|Horror|Mystery|Thriller,31.0,1997,2.9193548387096775,3.078893198408161
1721,Titanic,Drama|Romance,140.0,1997,3.414285714285714,3.3896754820818757
1722,Tomorrow Never Dies,Action|Adventure|Thriller,45.0,1997,3.066666666666667,3.1399417431621295
1729,Jackie Brown,Crime|Drama|Thriller,48.0,1997,3.6979166666666665,3.541010740102311
1732,"Big Lebowski, The",Comedy|Crime,106.0,1998,3.9245283018867925,3.790043650433634
1747,Wag the Dog,Comedy,31.0,1997,3.338709677419355,3.303031129442643
1748,Dark City,Adventure|Film-Noir|Sci-Fi|Thriller,48.0,1998,3.8229166666666665,3.621010740102311
1777,"Wedding Singer, The",Comedy|Romance,56.0,1998,3.419642857142857,3.3683831988876305
1784,As Good as It Gets,Comedy|Drama|Romance,96.0,1997,3.6979166666666665,3.6022423212005963
1805,Wild Things,Crime|Drama|Mystery|Thriller,31.0,1998,3.0161290322580645,3.130617336339195
1831,Lost in Space,Action|Adventure|Sci-Fi,29.0,1998,2.4482758620689653,2.840639384065595
1876,Deep Impact,Drama|Sci-Fi|Thriller,43.0,1998,3.0697674418604652,3.1439400786810476
1882,Godzilla,Action|Sci-Fi|Thriller,33.0,1998,1.9545454545454546,2.5429300917945556
1884,Fear and Loathing in Las Vegas,Adventure|Comedy|Drama,46.0,1998,3.967391304347826,3.706517883666758
1907,Mulan,Adventure|Animation|Children|Comedy|Drama|Musical|Romance,45.0,1998,3.566666666666667,3.4524417431621295
1909,"X-Files: Fight the Future, The",Action|Crime|Mystery|Sci-Fi|Thriller,42.0,1998,3.4404761904761907,3.370663847937295
1911,Dr. Dolittle,Comedy,32.0,1998,2.609375,2.908064500130056
1912,Out of Sight,Comedy|Crime|Drama|Romance|Thriller,32.0,1998,3.859375,3.5860306018249717
1917,Armageddon,Action|Romance|Sci-Fi|Thriller,92.0,1998,3.0543478260869565,3.101477357207339
1918,Lethal Weapon 4,Action|Comedy|Crime|Thriller,33.0,1998,2.8484848484848486,3.0345967584612223
1921,Pi,Drama|Sci-Fi|Thriller,47.0,1998,3.851063829787234,3.636159533887477
1923,There's Something About Mary,Comedy|Romance,105.0,1998,3.676190476190476,3.591483375058131
1947,West Side Story,Drama|Musical|Romance,34.0,1961,3.6029411764705883,3.4520623853716934
1953,"French Connection, The",Action|Crime|Thriller,39.0,1971,3.871794871794872,3.6223606895102023
1954,Rocky,Drama,64.0,1976,3.828125,3.660173686897509
1961,Rain Man,Drama,96.0,1988,3.8072916666666665,3.687608174859133
1967,Labyrinth,Adventure|Fantasy|Musical,42.0,1986,3.8214285714285716,3.602547905908309
1968,"Breakfast Club, The",Comedy|Drama,113.0,1985,3.7787610619469025,3.679112896483381
1982,Halloween,Horror,27.0,1978,3.7222222222222223,3.4921445464383947
1994,Poltergeist,Horror|Thriller,47.0,1982,3.425531914893617,3.365889263617207
1997,"Exorcist, The",Horror|Mystery,53.0,1973,3.80188679245283,3.6196975688459165
2000,Lethal Weapon,Action|Comedy|Crime|Drama,75.0,1987,3.6733333333333333,3.564468681447778
2001,Lethal Weapon 2,Action|Comedy|Crime|Drama,47.0,1989,3.1808510638297873,3.2104838582118016
2002,Lethal Weapon 3,Action|Comedy|Crime|Drama,46.0,1992,2.9347826086956523,3.055832952159909
2003,Gremlins,Comedy|Horror,41.0,1984,3.3780487804878048,3.331997139818725
2005,"Goonies, The",Action|Adventure|Children|Comedy|Fantasy,57.0,1985,3.5701754385964914,3.4711405417580163
2006,"Mask of Zorro, The",Action|Comedy|Romance,60.0,1998,3.1,3.150296615030728
2011,Back to the Future Part II,Adventure|Comedy|Sci-Fi,87.0,1989,3.5057471264367814,3.4480333816462574
2012,Back to the Future Part III,Adventure|Comedy|Sci-Fi|Western,88.0,1990,3.3693181818181817,3.3441374391971594
2018,Bambi,Animation|Children|Drama,38.0,1942,3.3684210526315788,3.324243161656513
2019,Seven Samurai (Shichinin no samurai),Action|Adventure|Drama,48.0,1954,4.1875,3.8543440734356444
2021,Dune,Adventure|Sci-Fi,37.0,1984,3.4324324324324325,3.3605594610573957
2023,"Godfather: Part III, The",Crime|Drama|Mystery|Thriller,45.0,1990,3.3555555555555556,3.320497298717685
2028,Saving Private Ryan,Action|Drama|War,188.0,1998,4.1462765957446805,4.035236304686853
2054,"Honey, I Shrunk the Kids",Adventure|Children|Comedy|Fantasy|Sci-Fi,68.0,1989,2.7573529411764706,2.9007979527123506
2058,"Negotiator, The",Action|Crime|Drama|Mystery|Thriller,30.0,1998,3.35,3.3083474650469
2064,Roger & Me,Documentary,31.0,1989,3.838709677419355,3.5702725087529883
2076,Blue Velvet,Drama|Mystery|Thriller,46.0,1986,3.9456521739130435,3.6928192535297715
2078,"Jungle Book, The",Animation|Children|Comedy|Musical,53.0,1967,3.830188679245283,3.6384475688459164
2080,Lady and the Tramp,Animation|Children|Comedy|Romance,55.0,1955,3.4,3.3545829939960163
2081,"Little Mermaid, The",Animation|Children|Comedy|Musical|Romance,67.0,1989,3.425373134328358,3.378466016039078
2085,101 Dalmatians (One Hundred and One Dalmatians),Adventure|Animation|Children,44.0,1961,3.4318181818181817,3.367264866305258
2087,Peter Pan,Animation|Children|Fantasy|Musical,41.0,1953,3.573170731707317,3.449644198642255
2094,"Rocketeer, The",Action|Adventure|Sci-Fi,39.0,1991,3.2564102564102564,3.258724325873838
2100,Splash,Comedy|Fantasy|Romance,51.0,1984,3.1176470588235294,3.167638532149658
2105,Tron,Action|Adventure|Sci-Fi,50.0,1982,3.34,3.3126727988009517
2109,"Jerk, The",Comedy,27.0,1979,3.3703703703703702,3.316218620512469
2115,Indiana Jones and the Temple of Doom,Action|Adventure|Fantasy,108.0,1984,3.638888888888889,3.563524485242025
2124,"Addams Family, The",Children|Comedy|Fantasy,38.0,1991,3.289473684210526,3.2780893155026667
2140,"Dark Crystal, The",Adventure|Fantasy,34.0,1982,3.5441176470588234,3.4192755001257917
2144,Sixteen Candles,Comedy|Romance,49.0,1984,3.6020408163265305,3.481260598785175
2145,Pretty in Pink,Comedy|Drama|Romance,33.0,1986,3.242424242424242,3.251263425127889
2150,"Gods Must Be Crazy, The",Adventure|Comedy,28.0,1980,3.892857142857143,3.583196463775878
2160,Rosemary's Baby,Drama|Horror|Thriller,32.0,1968,4.171875,3.7555221272487005
2161,"NeverEnding Story, The",Adventure|Children|Fantasy,43.0,1984,3.5813953488372094,3.458225792966762
2167,Blade,Action|Horror|Thriller,58.0,1998,3.3620689655172415,3.3303035942079218
2174,Beetlejuice,Comedy|Fantasy,91.0,1988,3.4725274725274726,3.4243712331158758
2193,Willow,Action|Adventure|Fantasy,40.0,1988,3.3375,3.3071015747413925
2194,"Untouchables, The",Action|Crime|Drama,65.0,1987,3.9384615384615387,3.739954407692102
2231,Rounders,Drama,36.0,1998,3.861111111111111,3.6043778652011635
2232,Cube,Horror|Mystery|Sci-Fi|Thriller,27.0,1997,3.425925925925926,3.3439963982902468
2243,Broadcast News,Comedy|Drama|Romance,28.0,1987,3.4285714285714284,3.346832827412242
2248,Say Anything...,Comedy|Drama|Romance,39.0,1989,3.923076923076923,3.6526637198132326
2268,"Few Good Men, A",Crime|Drama|Thriller,57.0,1992,3.789473684210526,3.61995006556754
2273,Rush Hour,Action|Comedy|Crime|Thriller,42.0,1998,3.261904761904762,3.261968195763382
2278,Ronin,Action|Crime|Thriller,43.0,1998,3.5232558139534884,3.4225115072524765
2288,"Thing, The",Action|Horror|Sci-Fi|Thriller,45.0,1982,3.933333333333333,3.6816084098287956
2289,"Player, The",Comedy|Crime|Drama,38.0,1992,3.9473684210526314,3.6627047001180513
2291,Edward Scissorhands,Drama|Fantasy|Romance,80.0,1990,3.7,3.5894935094175073
2294,Antz,Adventure|Animation|Children|Comedy|Fantasy,45.0,1998,3.2444444444444445,3.25105285427324
2300,"Producers, The",Comedy,33.0,1968,3.9696969696969697,3.651263425127889
2302,My Cousin Vinny,Comedy,59.0,1992,3.26271186440678,3.2625093663682945
2321,Pleasantville,Comedy|Drama|Fantasy,61.0,1998,3.4836065573770494,3.415634153496288
2324,Life Is Beautiful (La Vita è bella),Comedy|Drama|Romance|War,88.0,1997,4.1477272727272725,3.939789613110203
2329,American History X,Crime|Drama,129.0,1998,4.217054263565892,4.051767984023547
2335,"Waterboy, The",Comedy,28.0,1998,3.1785714285714284,3.219560100139515
2353,Enemy of the State,Action|Thriller,67.0,1998,3.4925373134328357,3.4263383564646097
2355,"Bug's Life, A",Adventure|Animation|Children|Comedy,92.0,1998,3.516304347826087,3.458620214350196
2384,Babe: Pig in the City,Adventure|Children|Drama,29.0,1998,2.7758620689655173,3.0102822412084524
2393,Star Trek: Insurrection,Action|Drama|Romance|Sci-Fi,33.0,1998,3.1515151515151514,3.201263425127889
2395,Rushmore,Comedy|Drama,56.0,1998,3.544642857142857,3.452720548285221
2396,Shakespeare in Love,Comedy|Drama|Romance,92.0,1998,3.777173913043478,3.6603008866191034
2403,First Blood (Rambo: First Blood),Action|Adventure|Drama|Thriller,30.0,1982,3.55,3.413610622941637
2406,Romancing the Stone,Action|Adventure|Comedy|Romance,54.0,1984,3.4537037037037037,3.3898247593539916
2407,Cocoon,Comedy|Sci-Fi,43.0,1985,3.2674418604651163,3.265368650109619
2411,Rocky IV,Action|Drama,29.0,1985,2.706896551724138,2.974567955494167
2420,"Karate Kid, The",Drama,38.0,1984,3.5657894736842106,3.439627777041128
2421,"Karate Kid, Part II, The",Action|Adventure|Drama,29.0,1986,2.7758620689655173,3.0102822412084524
2423,Christmas Vacation (National Lampoon's Christmas Vacation),Comedy,30.0,1989,3.566666666666667,3.422382552766199
2424,You've Got Mail,Comedy|Romance,50.0,1998,3.12,3.1698156559438093
2427,"Thin Red Line, The",Action|Drama|War,35.0,1998,3.3,3.283480733994731
2431,Patch Adams,Comedy|Drama,27.0,1998,3.3703703703703702,3.316218620512469
2455,"Fly, The",Drama|Horror|Sci-Fi|Thriller,43.0,1986,3.383720930232558,3.3367972215381903
2470,Crocodile Dundee,Adventure|Comedy,57.0,1986,3.175438596491228,3.203283398900873
2485,She's All That,Comedy|Romance,29.0,1999,2.8448275862068964,3.045996526922738
2490,Payback,Action|Thriller,45.0,1999,3.422222222222222,3.362163965384352
2501,October Sky,Drama,30.0,1999,3.75,3.518873780836374
2502,Office Space,Comedy|Crime,94.0,1999,4.090425531914893,3.905585169484903
2529,Planet of the Apes,Action|Drama|Sci-Fi,56.0,1968,3.8035714285714284,3.6274193434659434
2539,Analyze This,Comedy,47.0,1999,3.095744680851064,3.1564298041577477
2541,Cruel Intentions,Drama,40.0,1999,3.225,3.239937395636915
2542,"Lock, Stock & Two Smoking Barrels",Comedy|Crime|Thriller,67.0,1998,4.052238805970149,3.8252745266773758
2571,"Matrix, The",Action|Sci-Fi|Thriller,278.0,1999,4.192446043165468,4.1100846082218805
2572,10 Things I Hate About You,Comedy|Romance,54.0,1999,3.5277777777777777,3.439207475403374
2580,Go,Comedy|Crime,39.0,1999,3.9615384615384617,3.675390992540505
2581,Never Been Kissed,Comedy|Romance,36.0,1999,2.9583333333333335,3.0885048493281477
2599,Election,Comedy,56.0,1999,3.6607142857142856,3.5310338012972684
2605,Entrapment,Crime|Thriller,43.0,1999,2.988372093023256,3.0939400786810474
2617,"Mummy, The",Action|Adventure|Comedy|Fantasy|Horror|Thriller,87.0,1999,3.1206896551724137,3.1541737325234505
2628,Star Wars: Episode I - The Phantom Menace,Action|Adventure|Sci-Fi,140.0,1999,3.107142857142857,3.132190452141756
2640,Superman,Action|Adventure|Sci-Fi,61.0,1978,3.6065573770491803,3.5008614262235604
2641,Superman II,Action|Sci-Fi,49.0,1980,3.020408163265306,3.106260598785175
2657,"Rocky Horror Picture Show, The",Comedy|Horror|Musical|Sci-Fi,63.0,1975,3.3412698412698414,3.3175089500852595
2671,Notting Hill,Comedy|Romance,56.0,1999,3.455357142857143,3.3924795844297986
2683,Austin Powers: The Spy Who Shagged Me,Action|Adventure|Comedy,121.0,1999,3.1983471074380163,3.20997165883563
2692,Run Lola Run (Lola rennt),Action|Crime,75.0,1998,4.0,3.8046647598791505
2694,Big Daddy,Comedy,48.0,1999,3.1979166666666665,3.2210107401023107
2699,Arachnophobia,Comedy|Horror,53.0,1990,2.811320754716981,2.9634475688459165
2700,"South Park: Bigger, Longer and Uncut",Animation|Comedy|Musical,76.0,1999,3.861842105263158,3.704619470948285
2701,Wild Wild West,Action|Comedy|Sci-Fi|Western,53.0,1999,2.207547169811321,2.5634475688459166
2706,American Pie,Comedy|Romance,103.0,1999,3.378640776699029,3.3544292731359486
2710,"Blair Witch Project, The",Drama|Horror|Thriller,64.0,1999,2.796875,2.9348989616227836
2712,Eyes Wide Shut,Drama|Mystery|Thriller,53.0,1999,3.4622641509433962,3.394697568845916
2716,Ghostbusters (a.k.a. Ghost Busters),Action|Comedy|Sci-Fi,120.0,1984,3.775,3.6807877925692063
2717,Ghostbusters II,Comedy|Fantasy|Sci-Fi,47.0,1989,3.0,3.0956189933469367
2722,Deep Blue Sea,Action|Horror|Sci-Fi|Thriller,29.0,1999,2.7758620689655173,3.0102822412084524
2723,Mystery Men,Action|Comedy|Fantasy,39.0,1999,3.08974358974359,3.16023947738899
2724,Runaway Bride,Comedy|Romance,42.0,1999,2.8333333333333335,3.0010986305459904
2746,Little Shop of Horrors,Comedy|Horror|Musical,39.0,1986,3.3333333333333335,3.304178871328384
2761,"Iron Giant, The",Adventure|Animation|Children|Drama|Sci-Fi,39.0,1999,4.051282051282051,3.728421295570808
2762,"Sixth Sense, The",Drama|Horror|Mystery,179.0,1999,3.893854748603352,3.811047599551812
2763,"Thomas Crown Affair, The",Action|Mystery,48.0,1999,3.6458333333333335,3.5076774067689778
2770,Bowfinger,Comedy,38.0,1999,2.960526315789474,3.0857816231949746
2788,Monty Python's And Now for Something Completely Different,Comedy,28.0,1971,4.053571428571429,3.66501464559406
2791,Airplane!,Comedy,87.0,1980,3.8563218390804597,3.7155772412953803
2797,Big,Comedy|Drama|Fantasy|Romance,91.0,1988,3.71978021978022,3.6150491992175704
2804,"Christmas Story, A",Children|Comedy,55.0,1983,3.9727272727272727,3.7387293354594306
2858,American Beauty,Drama|Romance,204.0,1999,4.056372549019608,3.963531625574343
2871,Deliverance,Adventure|Drama|Thriller,30.0,1972,3.9,3.5978211492574266
2890,Three Kings,Action|Adventure|Comedy|Drama|War,45.0,1999,3.7111111111111112,3.542719520939907
2908,Boys Don't Cry,Drama,39.0,1999,3.551282051282051,3.432966750116263
2915,Risky Business,Comedy,42.0,1983,3.4404761904761907,3.370663847937295
2916,Total Recall,Action|Adventure|Sci-Fi|Thriller,88.0,1990,3.653409090909091,3.5615287435449856
2918,Ferris Bueller's Day Off,Comedy,109.0,1986,3.8394495412844036,3.7248220993211274
2944,"Dirty Dozen, The",Action|Drama|War,32.0,1967,3.96875,3.6453526357232766
2947,Goldfinger,Action|Adventure|Thriller,53.0,1964,3.839622641509434,3.644697568845916
2948,From Russia with Love,Action|Adventure|Thriller,36.0,1963,3.75,3.5408858017091003
2949,Dr. No,Action|Adventure|Thriller,33.0,1962,3.712121212121212,3.509596758461222
2951,"Fistful of Dollars, A (Per un pugno di dollari)",Action|Western,39.0,1964,3.9358974358974357,3.6602394773889895
2953,Home Alone 2: Lost in New York,Children|Comedy,31.0,1992,2.5161290322580645,2.8633759570288504
2959,Fight Club,Action|Crime|Drama|Thriller,218.0,1999,4.272935779816514,4.16153390003132
2968,Time Bandits,Adventure|Comedy|Fantasy|Sci-Fi,41.0,1981,3.731707317073171,3.5452324339363726
2985,RoboCop,Action|Crime|Drama|Sci-Fi|Thriller,70.0,1987,3.3714285714285714,3.3409876856461165
2987,Who Framed Roger Rabbit?,Adventure|Animation|Children|Comedy|Crime|Fantasy|Mystery,97.0,1988,3.5721649484536084,3.5046435928038173
2997,Being John Malkovich,Comedy|Drama|Fantasy,99.0,1999,3.9545454545454546,3.8061571865688357
3000,Princess Mononoke (Mononoke-hime),Action|Adventure|Animation|Drama|Fantasy,48.0,1997,3.9583333333333335,3.707677406768978
3006,"Insider, The",Drama|Thriller,31.0,1999,3.7419354838709675,3.5185483708219536
3033,Spaceballs,Comedy|Sci-Fi,59.0,1987,3.483050847457627,3.4136721570659687
3034,Robin Hood,Adventure|Animation|Children|Comedy|Musical,36.0,1973,3.513888888888889,3.4059651667884654
3039,Trading Places,Comedy,39.0,1983,3.730769230769231,3.5390273561768684
3052,Dogma,Adventure|Comedy|Fantasy,79.0,1999,3.6455696202531644,3.5478849576195595
3072,Moonstruck,Comedy|Romance,27.0,1987,3.5555555555555554,3.4088112131050616
3081,Sleepy Hollow,Fantasy|Horror|Mystery|Romance,62.0,1999,3.475806451612903,3.41096410682779
3082,"World Is Not Enough, The",Action|Adventure|Thriller,39.0,1999,3.3333333333333335,3.304178871328384
3101,Fatal Attraction,Drama|Thriller,36.0,1987,3.0972222222222223,3.1678699286932273
3108,"Fisher King, The",Comedy|Drama|Fantasy|Romance,36.0,1991,3.8055555555555554,3.572631833455132
3114,Toy Story 2,Adventure|Animation|Children|Comedy|Fantasy,97.0,1999,3.8608247422680413,3.7304500444167203
3147,"Green Mile, The",Crime|Drama,111.0,1999,4.148648648648648,3.9751869964324156
3160,Magnolia,Drama,52.0,1999,3.7115384615384617,3.5579215887047257
3168,Easy Rider,Adventure|Drama,29.0,1969,3.603448275862069,3.4388536697798813
3174,Man on the Moon,Comedy|Drama,39.0,1999,3.4871794871794872,3.3950879622374748
3175,Galaxy Quest,Adventure|Comedy|Sci-Fi,75.0,1999,3.58,3.495841230467386
3176,"Talented Mr. Ripley, The",Drama|Mystery|Thriller,49.0,1999,3.336734693877551,3.3102079672062277
3186,"Girl, Interrupted",Drama,28.0,1999,3.4642857142857144,3.3650146455940604
3210,Fast Times at Ridgemont High,Comedy|Drama|Romance,42.0,1982,3.4761904761904763,3.3924029783720773
3247,Sister Act,Comedy|Crime,36.0,1992,3.0277777777777777,3.1281873890106873
3252,Scent of a Woman,Drama,27.0,1992,3.5925925925925926,3.42732973162358
3253,Wayne's World,Comedy,61.0,1992,3.4754098360655736,3.4099523353144696
3254,Wayne's World 2,Comedy,27.0,1993,3.2962962962962963,3.279181583475432
3255,"League of Their Own, A",Comedy|Drama,45.0,1992,3.466666666666667,3.3899417431621295
3256,Patriot Games,Action|Crime|Drama|Thriller,31.0,1992,3.5161290322580645,3.39785871564954
3257,"Bodyguard, The",Drama|Romance|Thriller,32.0,1992,2.859375,3.0436577204690396
3269,Forever Young,Drama|Romance|Sci-Fi,27.0,1992,2.8518518518518516,3.0569593612532096
3273,Scream 3,Comedy|Horror|Mystery|Thriller,29.0,2000,2.6724137931034484,2.9567108126370236
3275,"Boondock Saints, The",Action|Crime|Drama|Thriller,43.0,2000,4.22093023255814,3.8510829358239054
3285,"Beach, The",Adventure|Drama,32.0,2000,3.0625,3.153827211994463
3300,Pitch Black,Horror|Sci-Fi|Thriller,39.0,2000,3.5641025641025643,3.4405425076920206
3301,"Whole Nine Yards, The",Comedy|Crime,42.0,2000,3.5238095238095237,3.421388485618454
3361,Bull Durham,Comedy|Drama|Romance,35.0,1988,3.6714285714285713,3.4931581533495697
3362,Dog Day Afternoon,Crime|Drama,38.0,1975,3.9342105263157894,3.6550123924257436
3363,American Graffiti,Comedy|Drama,43.0,1973,3.8488372093023258,3.622511507252476
3386,JFK,Drama|Mystery|Thriller,31.0,1991,3.5,3.3892380259943673
3396,"Muppet Movie, The",Adventure|Children|Comedy|Musical,33.0,1979,3.590909090909091,3.4429300917945556
3408,Erin Brockovich,Drama,70.0,2000,3.5285714285714285,3.4543897475017866
3409,Final Destination,Drama|Thriller,35.0,2000,2.9285714285714284,3.0738033146398926
3418,Thelma & Louise,Adventure|Crime|Drama,41.0,1991,3.4634146341463414,3.3834677280540193
3421,Animal House,Comedy,62.0,1978,3.693548387096774,3.5626495000862173
3424,Do the Right Thing,Drama,27.0,1989,4.037037037037037,3.649551953845802
3448,"Good Morning, Vietnam",Comedy|Drama|War,43.0,1987,3.802325581395349,3.5939400786810474
3450,Grumpy Old Men,Comedy,29.0,1993,3.293103448275862,3.2781393840655952
3471,Close Encounters of the Third Kind,Adventure|Drama|Sci-Fi,60.0,1977,3.7416666666666667,3.592825350662912
3481,High Fidelity,Comedy|Drama|Romance,75.0,2000,3.6666666666666665,3.5595667206634642
3489,Hook,Adventure|Comedy|Fantasy,53.0,1991,3.358490566037736,3.3259475688459164
3499,Misery,Drama|Horror|Thriller,44.0,1990,3.840909090909091,3.6207859930658213
3510,Frequency,Drama|Thriller,36.0,2000,3.4166666666666665,3.3504096112329096
3527,Predator,Action|Sci-Fi|Thriller,61.0,1987,3.581967213114754,3.483815971678106
3535,American Psycho,Crime|Horror|Mystery|Thriller,59.0,2000,3.788135593220339,3.6229744826473644
3552,Caddyshack,Comedy,52.0,1980,3.826923076923077,3.6338709557933333
3555,U-571,Action|Thriller|War,33.0,2000,3.4242424242424243,3.3512634251278888
3578,Gladiator,Action|Adventure|Drama,170.0,2000,3.9382352941176473,3.845562464505956
3617,Road Trip,Comedy,41.0,2000,3.0853658536585367,3.1555265515834314
3623,Mission: Impossible II,Action|Adventure|Thriller,77.0,2000,2.7142857142857144,2.8564981298814742
3624,Shanghai Noon,Action|Adventure|Comedy|Western,43.0,2000,3.1511627906976742,3.1939400786810475
3671,Blazing Saddles,Comedy|Western,62.0,1974,3.935483870967742,3.731188825928914
3681,For a Few Dollars More (Per qualche dollaro in più),Action|Drama|Thriller|Western,33.0,1965,4.151515151515151,3.751263425127889
3698,"Running Man, The",Action|Sci-Fi,34.0,1987,3.2205882352941178,3.2389476312733327
3702,Mad Max,Action|Adventure|Sci-Fi,38.0,1979,3.486842105263158,3.393473930887282
3703,"Road Warrior, The (Mad Max 2)",Action|Adventure|Sci-Fi|Thriller,40.0,1981,4.0375,3.725012022502587
3717,Gone in 60 Seconds,Action|Crime,61.0,2000,3.221311475409836,3.233815971678106
3740,Big Trouble in Little China,Action|Adventure|Comedy|Fantasy,28.0,1986,3.857142857142857,3.56501464559406
3745,Titan A.E.,Action|Adventure|Animation|Children|Sci-Fi,29.0,2000,3.413793103448276,3.3406393840655952
3751,Chicken Run,Animation|Children|Comedy,78.0,2000,3.551282051282051,3.4769124334064125
3752,"Me, Myself & Irene",Adventure|Comedy,46.0,2000,3.0869565217391304,3.1517233631188124
3753,"Patriot, The",Action|Drama|War,68.0,2000,3.448529411764706,3.395534794817614
3755,"Perfect Storm, The",Drama|Thriller,44.0,2000,3.1704545454545454,3.2052930353193423
3785,Scary Movie,Comedy|Horror,50.0,2000,2.92,3.039945526073679
3793,X-Men,Action|Adventure|Sci-Fi,133.0,2000,3.699248120300752,3.6254737844229585
3809,What About Bob?,Comedy,35.0,1991,3.2714285714285714,3.2673517017366667
3825,Coyote Ugly,Comedy|Drama|Romance,29.0,2000,2.7413793103448274,2.992425098351309
3826,Hollow Man,Horror|Sci-Fi|Thriller,39.0,2000,2.2948717948717947,2.6905425076920197
3863,"Cell, The",Drama|Horror|Thriller,45.0,2000,3.0444444444444443,3.12605285427324
3868,"Naked Gun: From the Files of Police Squad!, The",Action|Comedy|Crime|Romance,42.0,1988,3.4047619047619047,3.348924717502512
3882,Bring It On,Comedy,34.0,2000,2.6911764705882355,2.943865664060218
3897,Almost Famous,Drama,83.0,2000,3.8674698795180724,3.7188709591606663
3911,Best in Show,Comedy,53.0,2000,3.688679245283019,3.5446975688459164
3916,Remember the Titans,Drama,41.0,2000,3.7439024390243905,3.5525853751128427
3948,Meet the Parents,Comedy,91.0,2000,3.4175824175824174,3.3819983517599432
3949,Requiem for a Dream,Drama,96.0,2000,3.921875,3.777039069168076
3967,Billy Elliot,Drama,37.0,2000,3.8513513513513513,3.6027469610573957
3968,Bedazzled,Comedy,27.0,2000,3.074074074074074,3.1680704723643207
3977,Charlie's Angels,Action|Comedy,72.0,2000,2.7222222222222223,2.8694525808855893
3988,How the Grinch Stole Christmas (a.k.a. The Grinch),Children|Comedy|Fantasy,33.0,2000,3.0454545454545454,3.1429300917945557
3994,Unbreakable,Drama|Sci-Fi,73.0,2000,3.4794520547945207,3.4207580550767336
3996,"Crouching Tiger, Hidden Dragon (Wo hu cang long)",Action|Drama|Romance,110.0,2000,3.8363636363636364,3.723181062099805
4002,"Planes, Trains & Automobiles",Comedy,27.0,1987,3.8518518518518516,3.5569593612532096
4011,Snatch,Comedy|Crime|Thriller,93.0,2000,4.155913978494624,3.9547983792306116
4014,Chocolat,Drama|Romance,47.0,2000,3.521276595744681,3.426700074428018
4015,"Dude, Where's My Car?",Comedy|Sci-Fi,33.0,2000,2.727272727272727,2.9679300917945555
4016,"Emperor's New Groove, The",Adventure|Animation|Children|Comedy|Fantasy,37.0,2000,3.7162162162162162,3.5246219610573957
4018,What Women Want,Comedy|Romance,54.0,2000,3.138888888888889,3.179948216144115
4019,Finding Forrester,Drama,28.0,2000,3.7142857142857144,3.4922873728667874
4022,Cast Away,Drama,100.0,2000,3.7,3.6068961063596325
4025,Miss Congeniality,Comedy|Crime,64.0,2000,3.0546875,3.116217642941465
4027,"O Brother, Where Art Thou?",Adventure|Comedy|Crime,94.0,2000,3.8085106382978724,3.6865769050220933
4034,Traffic,Crime|Drama|Thriller,70.0,2000,3.9,3.7224309846151886
4085,Beverly Hills Cop,Action|Comedy|Crime|Drama,46.0,1984,3.402173913043478,3.350353500105114
4148,Hannibal,Horror|Thriller,39.0,2001,2.9358974358974357,3.0693303864798986
4223,Enemy at the Gates,Drama|War,40.0,2001,3.5125,3.411579186681691
4226,Memento,Mystery|Thriller,159.0,2000,4.122641509433962,3.997719384449857
4232,Spy Kids,Action|Adventure|Children|Comedy,28.0,2001,2.9464285714285716,3.1013782819576967
4239,Blow,Crime|Drama,51.0,2001,3.8137254901960786,3.622766737277863
4246,Bridget Jones's Diary,Comedy|Drama|Romance,65.0,2001,3.623076923076923,3.51712832073558
4262,Scarface,Action|Crime|Drama,67.0,1983,3.9328358208955225,3.7401681436986527
4270,"Mummy Returns, The",Action|Adventure|Comedy|Thriller,45.0,2001,3.088888888888889,3.1538306320510183
4299,"Knight's Tale, A",Action|Comedy|Romance,41.0,2001,3.341463414634146,3.3099383162893137
4306,Shrek,Adventure|Animation|Children|Comedy|Fantasy|Romance,170.0,2001,3.8676470588235294,3.7846487589221995
4308,Moulin Rouge,Drama|Musical|Romance,55.0,2001,3.590909090909091,3.482631774483821
4310,Pearl Harbor,Action|Drama|Romance|War,43.0,2001,2.9651162790697674,3.079654364395333
4321,City Slickers,Comedy|Western,31.0,1991,3.370967741935484,3.3202725087529883
4343,Evolution,Comedy|Sci-Fi,27.0,2001,3.037037037037037,3.149551953845802
4344,Swordfish,Action|Crime|Drama,34.0,2001,3.1029411764705883,3.1733738607815294
4361,Tootsie,Comedy|Romance,32.0,1982,3.421875,3.348742466231751
4367,Lara Croft: Tomb Raider,Action|Adventure,40.0,2001,2.9,3.0459075448906465
4369,"Fast and the Furious, The",Action|Crime|Thriller,45.0,2001,3.066666666666667,3.1399417431621295
4370,A.I. Artificial Intelligence,Adventure|Drama|Sci-Fi,56.0,2001,3.3392857142857144,3.314166331417751
4446,Final Fantasy: The Spirits Within,Adventure|Animation|Fantasy|Sci-Fi,31.0,2001,3.3548387096774195,3.3116518190978157
4447,Legally Blonde,Comedy|Romance,64.0,2001,3.15625,3.1876462143700364
4571,Bill & Ted's Excellent Adventure,Adventure|Comedy|Sci-Fi,45.0,1989,3.7,3.5357750764954625
4638,Jurassic Park III,Action|Adventure|Sci-Fi|Thriller,36.0,2001,2.8472222222222223,3.0250127858360845
4641,Ghost World,Comedy|Drama,34.0,2001,3.5,3.3946853361913654
4643,Planet of the Apes,Action|Adventure|Drama|Sci-Fi,49.0,2001,2.7448979591836733,2.928629019837807
4700,"Princess Diaries, The",Children|Comedy|Romance,27.0,2001,3.037037037037037,3.149551953845802
4701,Rush Hour 2,Action|Comedy,31.0,2001,3.370967741935484,3.3202725087529883
4718,American Pie 2,Comedy,45.0,2001,3.066666666666667,3.1399417431621295
4720,"Others, The",Drama|Horror|Mystery|Thriller,55.0,2001,3.6272727272727274,3.50702201838626
4734,Jay and Silent Bob Strike Back,Adventure|Comedy,34.0,2001,3.161764705882353,3.2061607460274315
4776,Training Day,Crime|Drama|Thriller,51.0,2001,3.7941176470588234,3.6099462244573504
4816,Zoolander,Comedy,54.0,2001,3.509259259259259,3.4268617963910284
4848,Mulholland Drive,Crime|Drama|Film-Noir|Mystery|Thriller,51.0,2001,3.843137254901961,3.6419975065086323
4874,K-PAX,Drama|Fantasy|Mystery|Sci-Fi,33.0,2001,3.484848484848485,3.384596758461222
4878,Donnie Darko,Drama|Mystery|Sci-Fi|Thriller,109.0,2001,3.981651376146789,3.838792687556422
4886,"Monsters, Inc.",Adventure|Animation|Children|Comedy|Fantasy,132.0,2001,3.871212121212121,3.76777236168348
4890,Shallow Hal,Comedy|Fantasy|Romance,31.0,2001,3.032258064516129,3.1392380259943673
4896,Harry Potter and the Sorcerer's Stone (a.k.a. Harry Potter and the Philosopher's Stone),Adventure|Children|Fantasy,107.0,2001,3.7616822429906542,3.6610134739378606
4901,Spy Game,Action|Crime|Drama|Thriller,27.0,2001,3.4814814814814814,3.3717741760680244
4963,Ocean's Eleven,Crime|Thriller,119.0,2001,3.8445378151260505,3.7368205856689958
4973,"Amelie (Fabuleux destin d'Amélie Poulain, Le)",Comedy|Romance,120.0,2001,4.183333333333334,4.01412112590254
4975,Vanilla Sky,Mystery|Romance|Sci-Fi|Thriller,44.0,2001,3.4204545454545454,3.360222612784131
4979,"Royal Tenenbaums, The",Comedy|Drama,68.0,2001,3.6838235294117645,3.5639558474491926
4993,"Lord of the Rings: The Fellowship of the Ring, The",Adventure|Fantasy,198.0,2001,4.106060606060606,4.004781357811882
4995,"Beautiful Mind, A",Drama|Romance,123.0,2001,4.0,3.8671720367178217
5010,Black Hawk Down,Action|Drama|War,50.0,2001,3.81,3.617867603995758
5013,Gosford Park,Comedy|Drama|Mystery,27.0,2001,3.7037037037037037,3.4828852871791356
5060,M*A*S*H (a.k.a. MASH),Comedy|Drama|War,46.0,1970,3.9347826086956523,3.6859699384612785
5064,The Count of Monte Cristo,Action|Adventure|Drama|Thriller,32.0,2002,3.828125,3.5690814492825984
5218,Ice Age,Adventure|Animation|Children|Comedy,85.0,2002,3.6882352941176473,3.585498263461369
5219,Resident Evil,Action|Horror|Sci-Fi|Thriller,30.0,2002,3.0833333333333335,3.167996587853918
5254,Blade II,Action|Horror|Thriller,34.0,2002,3.2058823529411766,3.2307509099618574
5266,Panic Room,Thriller,37.0,2002,3.0,3.1105594610573957
5299,My Big Fat Greek Wedding,Comedy|Romance,60.0,2002,3.2666666666666666,3.26523914376636
5349,Spider-Man,Action|Adventure|Sci-Fi|Thriller,122.0,2002,3.540983606557377,3.4904416477025055
5377,About a Boy,Comedy|Drama|Romance,44.0,2002,3.715909090909091,3.543321204333427
5378,Star Wars: Episode II - Attack of the Clones,Action|Adventure|Sci-Fi|IMAX,92.0,2002,3.157608695652174,3.1813092899804483
5388,Insomnia,Action|Crime|Drama|Mystery|Thriller,33.0,2002,3.303030303030303,3.2845967584612223
5418,"Bourne Identity, The",Action|Mystery|Thriller,112.0,2002,3.8169642857142856,3.7091784568897364
5444,Lilo & Stitch,Adventure|Animation|Children|Sci-Fi,29.0,2002,3.810344827586207,3.545996526922738
5445,Minority Report,Action|Crime|Mystery|Sci-Fi|Thriller,120.0,2002,3.6375,3.568542894610023
5459,Men in Black II (a.k.a. MIIB) (a.k.a. MIB 2),Action|Comedy|Sci-Fi,61.0,2002,2.959016393442623,3.051997789859924
5464,Road to Perdition,Crime|Drama,49.0,2002,3.520408163265306,3.4286290198378064
5481,Austin Powers in Goldmember,Comedy,65.0,2002,2.8461538461538463,2.968215277257319
5502,Signs,Horror|Sci-Fi|Thriller,63.0,2002,3.1666666666666665,3.195286727863037
5618,Spirited Away (Sen to Chihiro no kamikakushi),Adventure|Animation|Fantasy,87.0,2001,4.155172413793103,3.9436474167339766
5620,Sweet Home Alabama,Comedy|Romance,28.0,2002,3.0535714285714284,3.155923736503151
5630,Red Dragon,Crime|Mystery|Thriller,31.0,2002,3.435483870967742,3.354755267373678
5669,Bowling for Columbine,Documentary,58.0,2002,3.7758620689655173,3.6126565353843922
5673,Punch-Drunk Love,Comedy|Drama|Romance,33.0,2002,3.621212121212121,3.459596758461222
5679,"Ring, The",Horror|Mystery|Thriller,47.0,2002,3.202127659574468,3.2239973717253148
5810,8 Mile,Drama,41.0,2002,3.292682926829268,3.280526551583431
5816,Harry Potter and the Chamber of Secrets,Adventure|Fantasy,102.0,2002,3.5980392156862746,3.527719422540103
5872,Die Another Day,Action|Adventure|Thriller,27.0,2002,2.925925925925926,3.0939963982902468
5902,Adaptation,Comedy|Drama|Romance,46.0,2002,3.9456521739130435,3.6928192535297715
5903,Equilibrium,Action|Sci-Fi|Thriller,44.0,2002,3.875,3.6419127536292013
5952,"Lord of the Rings: The Two Towers, The",Adventure|Fantasy,188.0,2002,4.0212765957446805,3.9259339791054577
5956,Gangs of New York,Crime|Drama,55.0,2002,3.518181818181818,3.433851286678943
5971,My Neighbor Totoro (Tonari no Totoro),Animation|Children|Drama|Fantasy,37.0,1988,3.9594594594594597,3.6652469610573957
5989,Catch Me If You Can,Crime|Drama,115.0,2002,3.9217391304347826,3.796308489490657
5991,Chicago,Comedy|Crime|Drama|Musical,49.0,2002,3.7244897959183674,3.5602079672062277
5995,"Pianist, The",Drama|War,46.0,2002,4.108695652173913,3.7955589795571685
6016,City of God (Cidade de Deus),Action|Adventure|Crime|Drama|Thriller,75.0,2002,4.1466666666666665,3.9125078971340526
6155,How to Lose a Guy in 10 Days,Comedy|Romance,29.0,2003,3.2758620689655173,3.2692108126370236
6157,Daredevil,Action|Crime,32.0,2003,2.5,2.848742466231751
6188,Old School,Comedy,39.0,2003,3.5128205128205128,3.4102394773889895
6218,Bend It Like Beckham,Comedy|Drama|Romance,40.0,2002,3.3,3.2847135150399
6281,Phone Booth,Drama|Thriller,32.0,2002,3.140625,3.196200093350395
6287,Anger Management,Comedy,34.0,2003,3.0588235294117645,3.1487836968471035
6333,X2: X-Men United,Action|Adventure|Sci-Fi|Thriller,76.0,2003,3.723684210526316,3.602677723375469
6365,"Matrix Reloaded, The",Action|Adventure|Sci-Fi|Thriller|IMAX,96.0,2003,3.3541666666666665,3.333949638273767
6373,Bruce Almighty,Comedy|Drama|Fantasy|Romance,71.0,2003,3.316901408450704,3.3017939337517683
6377,Finding Nemo,Adventure|Animation|Children|Comedy,141.0,2003,3.9609929078014185,3.848665508974246
6378,"Italian Job, The",Action|Crime,59.0,2003,3.6186440677966103,3.5066954128799224
6502,28 Days Later,Action|Horror|Sci-Fi,58.0,2002,3.9741379310344827,3.7479506530314506
6503,Charlie's Angels: Full Throttle,Action|Adventure|Comedy|Crime|Thriller,27.0,2003,2.3703703703703702,2.816218620512469
6534,Hulk,Action|Adventure|Sci-Fi,33.0,2003,2.5606060606060606,2.876263425127889
6537,Terminator 3: Rise of the Machines,Action|Adventure|Sci-Fi,45.0,2003,3.0444444444444443,3.12605285427324
6539,Pirates of the Caribbean: The Curse of the Black Pearl,Action|Adventure|Comedy|Fantasy,149.0,2003,3.778523489932886,3.6992943494754167
6541,"League of Extraordinary Gentlemen, The (a.k.a. LXG)",Action|Fantasy|Sci-Fi,32.0,2003,2.625,2.916539076401243
6708,Matchstick Men,Comedy|Crime|Drama,34.0,2003,3.7205882352941178,3.5176361558634968
6711,Lost in Translation,Comedy|Drama|Romance,74.0,2003,4.033783783783784,3.827483222848251
6754,Underworld,Action|Fantasy|Horror,33.0,2003,3.5,3.3929300917945557
6787,All the President's Men,Drama|Thriller,27.0,1976,4.018518518518518,3.6402926945865426
6807,Monty Python's The Meaning of Life,Comedy,40.0,1983,3.95,3.6727732165324376
6863,School of Rock,Comedy|Musical,66.0,2003,3.4015151515151514,3.3610301667491758
6870,Mystic River,Crime|Drama|Mystery,52.0,2003,3.7115384615384617,3.5579215887047257
6874,Kill Bill: Vol. 1,Action|Crime|Thriller,131.0,2003,3.9618320610687023,3.842251933592869
6934,"Matrix Revolutions, The",Action|Adventure|Sci-Fi|Thriller|IMAX,79.0,2003,3.151898734177215,3.1799604293176724
6936,Elf,Children|Comedy|Fantasy,39.0,2003,3.6923076923076925,3.516300083449596
6942,Love Actually,Comedy|Drama|Romance,59.0,2003,3.788135593220339,3.6229744826473644
6947,Master and Commander: The Far Side of the World,Adventure|Drama|War,36.0,2003,3.638888888888889,3.4773937382170366
7022,Battle Royale (Batoru rowaiaru),Action|Drama|Horror|Thriller,30.0,2000,3.933333333333333,3.615365008906549
7090,Hero (Ying xiong),Action|Adventure|Drama,38.0,2002,3.9210526315789473,3.647320084733436
7143,"Last Samurai, The",Action|Adventure|Drama|War,62.0,2003,3.903225806451613,3.708716915816554
7147,Big Fish,Drama|Fantasy|Romance,69.0,2003,3.8333333333333335,3.6726646407049306
7153,"Lord of the Rings: The Return of the King, The",Action|Adventure|Drama|Fantasy,185.0,2003,4.118918918918919,4.009791535413553
7254,The Butterfly Effect,Drama|Sci-Fi|Thriller,46.0,2004,3.630434782608696,3.49418911654347
7293,50 First Dates,Comedy|Romance,47.0,2004,3.5531914893617023,3.446970344698288
7361,Eternal Sunshine of the Spotless Mind,Drama|Romance|Sci-Fi,131.0,2004,4.1603053435114505,4.006808895618185
7373,Hellboy,Action|Adventure|Fantasy|Horror,41.0,2004,3.3780487804878048,3.331997139818725
7438,Kill Bill: Vol. 2,Action|Drama|Thriller,110.0,2004,3.868181818181818,3.74872850735528
7445,Man on Fire,Action|Crime|Drama|Mystery|Thriller,35.0,2004,3.6285714285714286,3.4689646049624736
7451,Mean Girls,Comedy,39.0,2004,3.7564102564102564,3.554178871328384
7458,Troy,Action|Adventure|Drama|War,48.0,2004,3.4270833333333335,3.3676774067689776
8360,Shrek 2,Adventure|Animation|Children|Comedy|Musical|Romance,92.0,2004,3.5760869565217392,3.5048387017451543
8361,"Day After Tomorrow, The",Action|Adventure|Drama|Sci-Fi|Thriller,50.0,2004,3.05,3.1243611104892635
8368,Harry Potter and the Prisoner of Azkaban,Adventure|Fantasy|IMAX,93.0,2004,3.913978494623656,3.7672983792306116
8376,Napoleon Dynamite,Comedy,37.0,2004,3.324324324324324,3.2980594610573952
8464,Super Size Me,Comedy|Documentary|Drama,50.0,2004,3.51,3.423062409190562
8528,Dodgeball: A True Underdog Story,Comedy,39.0,2004,3.551282051282051,3.432966750116263
8529,"Terminal, The",Comedy|Drama|Romance,47.0,2004,3.3191489361702127,3.2983216960496393
8533,"Notebook, The",Drama|Romance,38.0,2004,3.5657894736842106,3.439627777041128
8622,Fahrenheit 9/11,Documentary,37.0,2004,3.4864864864864864,3.3918094610573957
8636,Spider-Man 2,Action|Adventure|Sci-Fi|IMAX,79.0,2004,3.8037974683544302,3.665809485921446
8641,Anchorman: The Legend of Ron Burgundy,Comedy,57.0,2004,3.7719298245614037,3.608045303662778
8644,"I, Robot",Action|Adventure|Sci-Fi|Thriller,61.0,2004,3.4918032786885247,3.4213159716781063
8665,"Bourne Supremacy, The",Action|Crime|Thriller,75.0,2004,3.7866666666666666,3.6478020147811114
8784,Garden State,Comedy|Drama|Romance,48.0,2004,3.7083333333333335,3.547677406768978
8798,Collateral,Action|Crime|Drama|Thriller,44.0,2004,3.7613636363636362,3.571490218417934
8807,Harold and Kumar Go to White Castle,Adventure|Comedy,34.0,2004,3.4558823529411766,3.3700951722569394
8873,"Motorcycle Diaries, The (Diarios de motocicleta)",Adventure|Drama,27.0,2004,3.7962962962962963,3.529181583475432
8874,Shaun of the Dead,Comedy|Horror,77.0,2004,4.0064935064935066,3.813228899112244
8917,Team America: World Police,Action|Adventure|Animation|Comedy,32.0,2004,3.46875,3.3741661950453103
8949,Sideways,Comedy|Drama|Romance,39.0,2004,3.7435897435897436,3.546603113752626
8950,The Machinist,Drama|Mystery|Thriller,38.0,2004,3.986842105263158,3.6857816231949743
8957,Saw,Horror|Mystery|Thriller,33.0,2004,3.1818181818181817,3.2179300917945555
8961,"Incredibles, The",Action|Adventure|Animation|Children|Comedy,125.0,2004,3.836,3.7340513520241663
8970,Finding Neverland,Drama,32.0,2004,3.609375,3.4504373814859886
8972,National Treasure,Action|Adventure|Drama|Mystery|Thriller,38.0,2004,3.263157894736842,3.2627047001180514
8984,Ocean's Twelve,Action|Comedy|Crime|Thriller,43.0,2004,3.2906976744186047,3.2796543643953333
27773,Old Boy,Mystery|Thriller,39.0,2003,4.089743589743589,3.7511485682980803
30707,Million Dollar Baby,Drama,52.0,2004,3.8461538461538463,3.646529183641434
30749,Hotel Rwanda,Drama|War,48.0,2004,3.7916666666666665,3.601010740102311
30793,Charlie and the Chocolate Factory,Adventure|Children|Comedy|Fantasy|IMAX,61.0,2005,3.0,3.080406880769015
30810,"Life Aquatic with Steve Zissou, The",Adventure|Comedy|Fantasy,37.0,2004,3.4864864864864864,3.3918094610573957
30812,"Aviator, The",Drama,35.0,2004,3.5285714285714285,3.4125129920592476
30825,Meet the Fockers,Comedy,33.0,2004,3.106060606060606,3.176263425127889
31658,Howl's Moving Castle (Hauru no ugoku shiro),Adventure|Animation|Fantasy|Romance,40.0,2004,4.075,3.747400082204079
31685,Hitch,Comedy|Romance,45.0,2005,3.1666666666666665,3.2024417431621295
31696,Constantine,Action|Fantasy|Horror|Thriller,35.0,2005,3.4714285714285715,3.3802549275431186
32587,Sin City,Action|Crime|Film-Noir|Mystery|Thriller,84.0,2005,3.857142857142857,3.7123946442132736
33004,"Hitchhiker's Guide to the Galaxy, The",Adventure|Comedy|Sci-Fi,44.0,2005,3.4204545454545454,3.360222612784131
33166,Crash,Crime|Drama,50.0,2004,3.89,3.6698156559438093
33493,Star Wars: Episode III - Revenge of the Sith,Action|Adventure|Sci-Fi,78.0,2005,3.4294871794871793,3.386436242930222
33615,Madagascar,Adventure|Animation|Children|Comedy,40.0,2005,3.375,3.3294896344428855
33679,Mr. & Mrs. Smith,Action|Adventure|Comedy|Romance,59.0,2005,3.2796610169491527,3.2741372733450387
33794,Batman Begins,Action|Crime|IMAX,116.0,2005,3.8620689655172415,3.748781856697016
34048,War of the Worlds,Action|Adventure|Sci-Fi|Thriller,50.0,2005,3.15,3.189296175424329
34150,Fantastic Four,Action|Adventure|Sci-Fi,36.0,2005,2.763888888888889,2.977393738217037
34162,Wedding Crashers,Comedy|Romance,58.0,2005,3.5086206896551726,3.4303035942079214
34319,"Island, The",Action|Sci-Fi|Thriller,31.0,2005,3.3548387096774195,3.3116518190978157
34405,Serenity,Action|Adventure|Sci-Fi,50.0,2005,3.94,3.702283188411342
35836,"40-Year-Old Virgin, The",Comedy|Romance,74.0,2005,3.5472972972972974,3.471047579283894
36529,Lord of War,Action|Crime|Drama|Thriller|War,35.0,2005,3.7142857142857144,3.5173517017366667
37729,Corpse Bride,Animation|Comedy|Fantasy|Musical|Romance,44.0,2005,3.534090909090909,3.4306451479953988
37733,"History of Violence, A",Action|Crime|Drama|Thriller,27.0,2005,3.5,3.381033435327284
38038,Wallace & Gromit in The Curse of the Were-Rabbit,Adventure|Animation|Children|Comedy,30.0,2005,3.6333333333333333,3.457470272064444
38061,Kiss Kiss Bang Bang,Comedy|Crime|Mystery|Thriller,35.0,2005,4.071428571428571,3.7189646049624727
39183,Brokeback Mountain,Drama|Romance,34.0,2005,3.5588235294117645,3.4274722214372675
40629,Pride & Prejudice,Drama|Romance,27.0,2005,3.5555555555555554,3.4088112131050616
40815,Harry Potter and the Goblet of Fire,Adventure|Fantasy|Thriller|IMAX,71.0,2005,3.816901408450704,3.6640388317109522
40819,Walk the Line,Drama|Musical|Romance,39.0,2005,3.7564102564102564,3.554178871328384
41566,"Chronicles of Narnia: The Lion, the Witch and the Wardrobe, The",Adventure|Children|Fantasy,62.0,2005,3.443548387096774,3.388492196715431
41569,King Kong,Action|Adventure|Drama|Fantasy|Thriller,40.0,2005,3.4,3.344415007577213
44191,V for Vendetta,Action|Sci-Fi|Thriller|IMAX,100.0,2006,3.885,3.752565397698215
44195,Thank You for Smoking,Comedy|Drama,36.0,2006,4.027777777777778,3.699615960439259
44199,Inside Man,Crime|Drama|Thriller,40.0,2006,3.8,3.5832209777264676
44555,"Lives of Others, The (Das leben der Anderen)",Drama|Romance|Thriller,34.0,2006,4.117647058823529,3.7389476312733327
44665,Lucky Number Slevin,Crime|Drama|Mystery,38.0,2006,3.8552631578947367,3.6088585462718976
45186,Mission: Impossible III,Action|Adventure|Thriller,28.0,2006,3.5892857142857144,3.428651009230424
45447,"Da Vinci Code, The",Drama|Mystery|Thriller,49.0,2006,3.122448979591837,3.1720500724693856
45499,X-Men: The Last Stand,Action|Sci-Fi|Thriller,52.0,2006,3.355769230769231,3.323744373514852
45517,Cars,Animation|Children|Comedy,41.0,2006,3.3780487804878048,3.331997139818725
45720,"Devil Wears Prada, The",Comedy|Drama,34.0,2006,3.5588235294117645,3.4274722214372675
45722,Pirates of the Caribbean: Dead Man's Chest,Action|Adventure|Fantasy,72.0,2006,3.5069444444444446,3.44015965159266
46578,Little Miss Sunshine,Adventure|Comedy|Drama,77.0,2006,3.883116883116883,3.7218827452660896
46723,Babel,Drama|Thriller,31.0,2006,3.5,3.3892380259943673
46970,Talladega Nights: The Ballad of Ricky Bobby,Action|Comedy,28.0,2006,3.25,3.255923736503151
46976,Stranger than Fiction,Comedy|Drama|Fantasy|Romance,44.0,2006,3.6931818181818183,3.5292366972911733
47099,"Pursuit of Happyness, The",Drama,46.0,2006,3.7934782608695654,3.5969288425708674
47610,"Illusionist, The",Drama|Fantasy|Mystery|Romance,43.0,2006,3.7790697674418605,3.579654364395333
48385,Borat: Cultural Learnings of America for Make Benefit Glorious Nation of Kazakhstan,Comedy,65.0,2006,3.3461538461538463,3.3214761468225364
48394,"Pan's Labyrinth (Laberinto del fauno, El)",Drama|Fantasy|Thriller,81.0,2006,3.814814814814815,3.676627828774753
48516,"Departed, The",Crime|Drama|Thriller,107.0,2006,4.252336448598131,4.05280451871398
48774,Children of Men,Action|Adventure|Drama|Sci-Fi|Thriller,64.0,2006,3.9453125,3.742591269315092
48780,"Prestige, The",Drama|Mystery|Sci-Fi|Thriller,90.0,2006,4.0055555555555555,3.8339812436553276
49272,Casino Royale,Action|Adventure|Thriller,81.0,2006,3.9444444444444446,3.7738500509969755
49530,Blood Diamond,Action|Adventure|Crime|Drama|Thriller|War,53.0,2006,3.7641509433962264,3.594697568845916
50872,Ratatouille,Animation|Children|Drama,72.0,2007,3.8680555555555554,3.7027859142189223
51255,Hot Fuzz,Action|Comedy|Crime|Mystery,61.0,2007,4.0,3.7735886989508334
51540,Zodiac,Crime|Drama|Thriller,38.0,2007,3.710526315789474,3.5242431616565133
51662,300,Action|Fantasy|War|IMAX,80.0,2007,3.68125,3.5754748178287223
52281,Grindhouse,Action|Crime|Horror|Sci-Fi|Thriller,27.0,2007,3.425925925925926,3.3439963982902468
52722,Spider-Man 3,Action|Adventure|Sci-Fi|Thriller|IMAX,44.0,2007,3.0,3.099659232502441
52973,Knocked Up,Comedy|Drama|Romance,52.0,2007,3.6538461538461537,3.5199469051604217
53125,Pirates of the Caribbean: At World's End,Action|Adventure|Comedy|Fantasy,56.0,2007,3.4375,3.380431391658715
53322,Ocean's Thirteen,Crime|Thriller,33.0,2007,3.484848484848485,3.384596758461222
53972,Live Free or Die Hard,Action|Adventure|Crime|Thriller,32.0,2007,3.40625,3.3402678899605647
53996,Transformers,Action|Sci-Fi|Thriller|IMAX,39.0,2007,3.3461538461538463,3.3117546289041417
54001,Harry Potter and the Order of the Phoenix,Adventure|Drama|Fantasy|IMAX,58.0,2007,3.8620689655172415,3.6714800647961567
54259,Stardust,Adventure|Comedy|Fantasy|Romance,34.0,2007,3.6029411764705883,3.4520623853716934
54272,"Simpsons Movie, The",Animation|Comedy,46.0,2007,3.619565217391304,3.4873398014749766
54286,"Bourne Ultimatum, The",Action|Crime|Thriller,81.0,2007,3.697530864197531,3.58866486581179
54503,Superbad,Comedy,55.0,2007,3.8636363636363638,3.665558603752114
55247,Into the Wild,Action|Adventure|Drama,41.0,2007,3.902439024390244,3.6481736104069604
55765,American Gangster,Crime|Drama|Thriller,37.0,2007,3.9054054054054053,3.6339969610573957
55820,No Country for Old Men,Crime|Drama,64.0,2007,3.8984375,3.7096242363480583
56174,I Am Legend,Action|Horror|Sci-Fi|Thriller|IMAX,62.0,2007,3.4838709677419355,3.4165820843558805
56367,Juno,Comedy|Drama|Romance,65.0,2007,3.769230769230769,3.620389190300797
56757,Sweeney Todd: The Demon Barber of Fleet Street,Drama|Horror|Musical|Thriller,30.0,2007,3.716666666666667,3.501329921187251
56782,There Will Be Blood,Drama|Western,28.0,2007,4.142857142857143,3.7104691910486056
57368,Cloverfield,Action|Mystery|Sci-Fi|Thriller,27.0,2008,3.3518518518518516,3.3069593612532096
57669,In Bruges,Comedy|Crime|Drama|Thriller,41.0,2008,4.158536585365853,3.8025853751128427
58559,"Dark Knight, The",Action|Crime|Drama|IMAX,149.0,2008,4.238255033557047,4.088498894929962
58998,Forgetting Sarah Marshall,Comedy|Romance,39.0,2008,3.769230769230769,3.5617546289041417
59315,Iron Man,Action|Adventure|Sci-Fi,94.0,2008,3.824468085106383,3.698973599236969
59369,Taken,Action|Crime|Drama|Thriller,42.0,2008,3.619047619047619,3.4793595001112076
59615,Indiana Jones and the Kingdom of the Crystal Skull,Action|Adventure|Comedy|Sci-Fi,39.0,2008,2.8333333333333335,3.008724325873838
59784,Kung Fu Panda,Action|Animation|Children|Comedy|IMAX,54.0,2008,3.4444444444444446,3.3836519198478188
60040,"Incredible Hulk, The",Action|Sci-Fi,35.0,2008,3.1714285714285713,3.2109000888334407
60069,WALL·E,Adventure|Animation|Children|Romance|Sci-Fi,104.0,2008,4.0576923076923075,3.8937084389898726
60074,Hancock,Action|Adventure|Comedy|Crime|Fantasy,29.0,2008,3.0344827586206895,3.1442108126370236
60684,Watchmen,Action|Drama|Mystery|Sci-Fi|Thriller|IMAX,43.0,2009,3.988372093023256,3.708225792966762
60756,Step Brothers,Comedy,28.0,2008,3.5535714285714284,3.4104691910486054
61024,Pineapple Express,Action|Comedy|Crime,31.0,2008,3.6774193548387095,3.484065612201264
61132,Tropic Thunder,Action|Adventure|Comedy|War,33.0,2008,3.5,3.3929300917945557
61323,Burn After Reading,Comedy|Crime|Drama,39.0,2008,3.4871794871794872,3.3950879622374748
63082,Slumdog Millionaire,Crime|Drama|Romance,71.0,2008,3.8098591549295775,3.658936790894626
63113,Quantum of Solace,Action|Adventure|Thriller,35.0,2008,3.4571428571428573,3.372190411414086
64614,Gran Torino,Crime|Drama,46.0,2008,3.9456521739130435,3.6928192535297715
64839,"Wrestler, The",Drama,34.0,2008,3.735294117647059,3.525832877174972
64957,"Curious Case of Benjamin Button, The",Drama|Fantasy|Mystery|Romance,37.0,2008,3.5945945945945947,3.4543094610573957
64969,Yes Man,Comedy,34.0,2008,3.6176470588235294,3.4602591066831687
66097,Coraline,Animation|Fantasy|Thriller,35.0,2009,3.7,3.5092871856076346
68157,Inglourious Basterds,Action|Drama|War,88.0,2009,4.136363636363637,3.9310939609362903
68237,Moon,Drama|Mystery|Sci-Fi|Thriller,32.0,2009,3.96875,3.6453526357232766
68358,Star Trek,Action|Adventure|Sci-Fi|IMAX,59.0,2009,3.864406779661017,3.675300064042713
68954,Up,Adventure|Animation|Children|Drama,105.0,2009,4.004761904761905,3.8528470114217677
69122,"Hangover, The",Comedy|Crime,76.0,2009,3.6315789473684212,3.5347165583269256
69481,"Hurt Locker, The",Action|Drama|Thriller|War,34.0,2008,4.0588235294117645,3.7061607460274315
69757,(500) Days of Summer,Comedy|Drama|Romance,42.0,2009,3.6666666666666665,3.5083450073575846
69844,Harry Potter and the Half-Blood Prince,Adventure|Fantasy|Mystery|Romance|IMAX,58.0,2009,3.8879310344827585,3.689127123619686
70286,District 9,Mystery|Sci-Fi|Thriller,65.0,2009,3.776923076923077,3.625823972909493
71535,Zombieland,Action|Comedy|Horror,53.0,2009,3.8773584905660377,3.6696975688459164
72011,Up in the Air,Drama|Romance,32.0,2009,3.71875,3.5097594153842935
72641,"Blind Side, The",Drama,31.0,2009,3.6774193548387095,3.484065612201264
72998,Avatar,Action|Adventure|Sci-Fi|IMAX,97.0,2009,3.6030927835051547,3.528837141190914
73017,Sherlock Holmes,Action|Crime|Mystery|Thriller,58.0,2009,3.853448275862069,3.6655977118549803
74458,Shutter Island,Drama|Mystery|Thriller,67.0,2010,4.022388059701493,3.8039979309326952
74789,Alice in Wonderland,Adventure|Fantasy|IMAX,28.0,2010,2.875,3.06501464559406
76093,How to Train Your Dragon,Adventure|Animation|Children|Fantasy|IMAX,53.0,2010,3.943396226415094,3.7134475688459165
76251,Kick-Ass,Action|Comedy,43.0,2010,3.6511627906976742,3.501082935823905
77561,Iron Man 2,Action|Adventure|Sci-Fi|Thriller|IMAX,47.0,2010,3.5106382978723403,3.419943317671261
78499,Toy Story 3,Adventure|Animation|Children|Comedy|Fantasy|IMAX,55.0,2010,4.109090909090909,3.8301927500935773
79091,Despicable Me,Animation|Children|Comedy|Crime,38.0,2010,3.6842105263157894,3.508858546271897
79132,Inception,Action|Crime|Drama|Mystery|Sci-Fi|Thriller|IMAX,143.0,2010,4.066433566433567,3.9386812088686667
79702,Scott Pilgrim vs. the World,Action|Comedy|Fantasy|Musical|Romance,44.0,2010,3.7045454545454546,3.5362789508123003
80463,"Social Network, The",Drama,57.0,2010,3.8859649122807016,3.68542625604373
80549,Easy A,Comedy|Romance,27.0,2010,3.7962962962962963,3.529181583475432
81591,Black Swan,Drama|Thriller,42.0,2010,3.630952380952381,3.486605876922802
81834,Harry Potter and the Deathly Hallows: Part 1,Action|Adventure|Fantasy|IMAX,47.0,2010,3.9893617021276597,3.723997371725315
81845,"King's Speech, The",Drama,58.0,2010,4.043103448275862,3.795009476560862
82459,True Grit,Western,28.0,2010,3.75,3.510469191048606
84152,Limitless,Sci-Fi|Thriller,30.0,2011,3.95,3.6241369387311106
85414,Source Code,Action|Drama|Mystery|Sci-Fi|Thriller,34.0,2011,3.6029411764705883,3.4520623853716934
86332,Thor,Action|Adventure|Drama|Fantasy|IMAX,34.0,2011,3.514705882352941,3.402882057502841
87232,X-Men: First Class,Action|Adventure|Sci-Fi|Thriller|War,43.0,2011,3.7906976744186047,3.5867972215381903
88125,Harry Potter and the Deathly Hallows: Part 2,Action|Adventure|Drama|Fantasy|Mystery|IMAX,50.0,2011,3.91,3.6828026689308224
88129,Drive,Crime|Drama|Film-Noir|Thriller,32.0,2011,3.765625,3.5351831441978527
88140,Captain America: The First Avenger,Action|Adventure|Sci-Fi|Thriller|War,32.0,2011,3.546875,3.416539076401243
88163,"Crazy, Stupid, Love.",Comedy|Drama|Romance,31.0,2011,3.9838709677419355,3.64785871564954
88744,Rise of the Planet of the Apes,Action|Drama|Sci-Fi|Thriller,27.0,2011,3.462962962962963,3.362514916808765
89745,"Avengers, The",Action|Adventure|Sci-Fi|IMAX,69.0,2012,3.869565217391304,3.698706307371597
91500,The Hunger Games,Action|Adventure|Drama|Sci-Fi|Thriller,54.0,2012,3.435185185185185,3.377479080341646
91529,"Dark Knight Rises, The",Action|Adventure|Crime|IMAX,76.0,2012,3.9934210526315788,3.801706849589061
91542,Sherlock Holmes: A Game of Shadows,Action|Adventure|Comedy|Crime|Mystery|Thriller,38.0,2011,3.763157894736842,3.555012392425744
91658,"Girl with the Dragon Tattoo, The",Drama|Thriller,42.0,2011,3.488095238095238,3.3996493551836715
92259,Intouchables,Comedy|Drama,37.0,2011,4.108108108108108,3.7511844610573957
94864,Prometheus,Action|Horror|Sci-Fi|IMAX,27.0,2012,3.2962962962962963,3.279181583475432
94959,Moonrise Kingdom,Comedy|Drama|Romance,29.0,2012,3.7758620689655173,3.5281393840655952
95167,Brave,Action|Adventure|Animation|Children,30.0,2012,3.466666666666667,3.36975097381883
95510,"Amazing Spider-Man, The",Action|Adventure|Sci-Fi|IMAX,30.0,2012,3.25,3.255715886099532
96079,Skyfall,Action|Adventure|Thriller|IMAX,50.0,2012,3.81,3.617867603995758
96610,Looper,Action|Crime|Sci-Fi,32.0,2012,3.640625,3.4673865340283614
97304,Argo,Drama|Thriller,28.0,2012,3.982142857142857,3.6286510092304236
97921,Silver Linings Playbook,Comedy|Drama,30.0,2012,3.716666666666667,3.501329921187251
97938,Life of Pi,Adventure|Drama|IMAX,31.0,2012,3.629032258064516,3.4582035432357467
98809,"Hobbit: An Unexpected Journey, The",Adventure|Fantasy|IMAX,40.0,2012,3.8125,3.590683664293631
99114,Django Unchained,Action|Drama|Western,71.0,2012,3.943661971830986,3.75587556640483
102125,Iron Man 3,Action|Sci-Fi|Thriller|IMAX,32.0,2013,3.5625,3.425013652672429
102445,Star Trek Into Darkness,Action|Adventure|Sci-Fi|IMAX,27.0,2013,3.685185185185185,3.4736260279198765
104841,Gravity,Action|Sci-Fi|IMAX,32.0,2013,3.578125,3.4334882289436157
106696,Frozen,Adventure|Animation|Comedy|Fantasy|Musical|Romance,29.0,2013,3.6206896551724137,3.4477822412084524
106782,"Wolf of Wall Street, The",Comedy|Crime|Drama,54.0,2013,3.9166666666666665,3.698466734662633
108932,The Lego Movie,Action|Adventure|Animation|Children|Comedy|Fantasy,31.0,2014,3.870967741935484,3.5875138880633326
109374,"Grand Budapest Hotel, The",Comedy|Drama,52.0,2014,3.7788461538461537,3.60222538617308
109487,Interstellar,Sci-Fi|IMAX,73.0,2014,3.993150684931507,3.7957580550767336
110102,Captain America: The Winter Soldier,Action|Adventure|Sci-Fi|IMAX,31.0,2014,3.7419354838709675,3.5185483708219536
111362,X-Men: Days of Future Past,Action|Adventure|Sci-Fi,30.0,2014,3.8333333333333335,3.562733429959181
111759,Edge of Tomorrow,Action|Sci-Fi|IMAX,44.0,2014,3.977272727272727,3.7052930353193423
112552,Whiplash,Drama,38.0,2014,4.0394736842105265,3.716550853964205
112556,Gone Girl,Drama|Thriller,37.0,2014,3.7162162162162162,3.5246219610573957
112852,Guardians of the Galaxy,Action|Adventure|Sci-Fi,59.0,2014,4.0508474576271185,3.803207040786899
115149,John Wick,Action|Thriller,29.0,2014,3.8448275862068964,3.563853669779881
115617,Big Hero 6,Action|Animation|Comedy,41.0,2014,3.8536585365853657,3.618761845701078
115713,Ex Machina,Drama|Sci-Fi|Thriller,28.0,2015,3.9107142857142856,3.5922873728667875
116797,The Imitation Game,Drama|Thriller|War,50.0,2014,4.02,3.7542312403593936
119145,Kingsman: The Secret Service,Action|Adventure|Comedy|Crime,36.0,2015,3.986111111111111,3.675806436629735
122882,Mad Max: Fury Road,Action|Adventure|Sci-Fi|Thriller,47.0,2015,3.8191489361702127,3.615889263617207
122886,Star Wars: Episode VII - The Force Awakens,Action|Adventure|Fantasy|Sci-Fi|IMAX,41.0,2015,3.8536585365853657,3.618761845701078
122892,Avengers: Age of Ultron,Action|Adventure|Sci-Fi,27.0,2015,3.5185185185185186,3.390292694586543
122900,Ant-Man,Action|Adventure|Sci-Fi,27.0,2015,3.7222222222222223,3.4921445464383947
122904,Deadpool,Action|Adventure|Comedy|Sci-Fi,54.0,2016,3.8333333333333335,3.642911179107078
122918,Guardians of the Galaxy 2,Action|Adventure|Sci-Fi,27.0,2017,3.925925925925926,3.5939963982902468
134130,The Martian,Adventure|Drama|Sci-Fi,48.0,2015,4.0,3.7343440734356443
134853,Inside Out,Adventure|Animation|Children|Comedy|Drama|Fantasy,43.0,2015,3.813953488372093,3.6010829358239045
139385,The Revenant,Adventure|Drama,31.0,2015,3.903225806451613,3.604755267373678
152081,Zootopia,Action|Adventure|Animation|Children|Comedy,32.0,2016,3.890625,3.6029797543673445
166528,Rogue One: A Star Wars Story,Action|Adventure|Fantasy|Sci-Fi,27.0,2016,3.925925925925926,3.5939963982902468
